CustomerID,Contract,Tenure,MonthlyCharges,TotalCharges,OnlineSecurity,TechSupport,PaymentMethod,PaperlessBilling,Churn
CID-00001,Monthly,47,51.810521660664925,2013.9443368210568,No,Yes,Credit card,Yes,0
CID-00002,Two-year,12,47.03801813396346,545.9624799820019,No,Yes,Bank transfer,No,0
CID-00003,One-year,62,46.00274421279457,2695.701388786973,Yes,Yes,Electronic check,Yes,0
CID-00004,One-year,8,48.94736085269312,440.7916159227065,No,Yes,Bank transfer,Yes,0
CID-00005,Monthly,21,51.742097413614644,1083.5026096775277,No,Yes,Electronic check,No,0
CID-00006,Monthly,70,41.457163635600054,2753.5122622846206,Yes,No,Bank transfer,Yes,0
CID-00007,Monthly,25,75.68727042483702,1746.191081483358,No,Yes,Bank transfer,Yes,1
CID-00008,Two-year,12,59.722462262171454,728.8958432231933,Yes,No,Mailed check,No,0
CID-00009,One-year,15,52.19494736619103,754.7694961168374,No,No,Credit card,No,1
CID-00010,One-year,59,66.29424425647788,3681.468031185167,Yes,No,Electronic check,No,0
CID-00011,Monthly,26,45.277798331351214,1014.5122105928788,No,No,Credit card,Yes,0
CID-00012,Two-year,26,44.90874879797272,1279.644669277523,Yes,No,Mailed check,Yes,0
CID-00013,Two-year,47,59.928580852136776,2777.7670666457684,Yes,No,Electronic check,Yes,0
CID-00014,Monthly,32,58.23848023615284,1661.382887305363,No,No,Mailed check,No,1
CID-00015,Monthly,10,56.735185532484536,551.963222523209,No,No,Credit card,Yes,0
CID-00016,Monthly,16,50.718798786508955,856.0628897901307,Yes,Yes,Bank transfer,Yes,0
CID-00017,Monthly,71,38.49041472198956,2740.7011347348403,No,No,Mailed check,No,0
CID-00018,One-year,17,63.48400156595418,1099.8406071715676,Yes,No,Mailed check,Yes,0
CID-00019,Monthly,23,46.087975227369974,1064.5336452680272,No,No,Bank transfer,No,0
CID-00020,Monthly,26,51.00084016037763,1156.7079790282894,No,No,Credit card,No,0
CID-00021,One-year,7,56.63798732280741,434.0710416539059,Yes,Yes,Mailed check,No,0
CID-00022,Monthly,14,48.55148670720416,563.607766853076,Yes,No,Credit card,Yes,0
CID-00023,Monthly,7,45.61214127735164,334.021158953551,No,Yes,Bank transfer,Yes,0
CID-00024,Monthly,9,45.24039884781344,432.2273962371339,No,Yes,Electronic check,Yes,0
CID-00025,Monthly,48,63.73562585245699,2992.0530358775113,No,No,Mailed check,No,0
CID-00026,One-year,59,62.71680326862735,3831.068025136682,No,No,Credit card,No,0
CID-00027,Monthly,39,47.13348563067949,1787.2627330334763,No,Yes,Bank transfer,No,0
CID-00028,One-year,18,46.02672184741479,858.7615761420967,Yes,No,Bank transfer,Yes,0
CID-00029,One-year,59,37.944664588809886,2461.024276711091,No,No,Mailed check,Yes,0
CID-00030,Monthly,17,49.93694622397104,781.6822487206232,No,Yes,Electronic check,Yes,0
CID-00031,One-year,14,38.118790332084394,569.6300798586154,Yes,Yes,Mailed check,Yes,0
CID-00032,Monthly,31,36.89413683976079,1337.2808888436632,Yes,No,Credit card,Yes,0
CID-00033,Monthly,24,52.168893528085164,1285.1784295037678,Yes,No,Bank transfer,No,0
CID-00034,Two-year,60,61.89936117541596,3527.1106899469264,No,No,Electronic check,Yes,0
CID-00035,Two-year,45,57.72581618941121,3185.573061406514,Yes,Yes,Credit card,No,0
CID-00036,Two-year,3,36.12169034537045,109.32633682565451,Yes,No,Mailed check,No,0
CID-00037,Monthly,37,67.6009382349487,2559.1457779812336,Yes,Yes,Bank transfer,Yes,0
CID-00038,Monthly,43,50.66209958348282,2233.449253633247,Yes,Yes,Mailed check,No,0
CID-00039,One-year,40,43.78762497448374,1829.9484846943162,No,No,Electronic check,Yes,0
CID-00040,Monthly,55,65.49077157880237,3479.9299377801476,No,Yes,Electronic check,Yes,0
CID-00041,Monthly,39,44.425224283022416,1765.5012547720523,No,No,Electronic check,No,0
CID-00042,Monthly,15,54.45284353065156,894.5663215504622,Yes,No,Electronic check,Yes,0
CID-00043,Monthly,4,44.1306533681224,169.93124105832405,Yes,Yes,Electronic check,Yes,0
CID-00044,Two-year,25,62.27652317450234,1491.5236677383532,Yes,No,Mailed check,No,0
CID-00045,Monthly,13,41.011417794110024,517.5759933324264,Yes,Yes,Electronic check,No,0
CID-00046,One-year,33,37.59608584977982,1104.4733613847236,Yes,Yes,Electronic check,No,0
CID-00047,Monthly,16,53.42131203938095,796.3759046870944,Yes,No,Bank transfer,No,0
CID-00048,One-year,42,74.02749741837707,2884.182685668959,No,No,Electronic check,No,0
CID-00049,One-year,66,46.75837042143723,3085.8911942703808,No,No,Bank transfer,No,0
CID-00050,Monthly,55,45.79667807944864,2729.4271081900506,Yes,No,Bank transfer,Yes,0
CID-00051,Two-year,42,52.112213087345175,2506.8892365640722,No,Yes,Bank transfer,Yes,0
CID-00052,One-year,34,49.55333807882501,1694.448710078745,Yes,Yes,Mailed check,Yes,0
CID-00053,Two-year,30,54.2714823690819,1702.4643412725038,Yes,Yes,Mailed check,No,0
CID-00054,Two-year,13,56.3041023142425,749.7686207607761,No,No,Credit card,Yes,0
CID-00055,One-year,13,35.700512233398115,366.9487630948797,Yes,Yes,Credit card,No,0
CID-00056,Two-year,18,55.93834145511776,891.31014138656,No,Yes,Bank transfer,Yes,0
CID-00057,Monthly,32,59.41440568516199,2045.997191297629,Yes,No,Mailed check,No,0
CID-00058,Monthly,39,57.66360524563982,2441.9436698248956,Yes,No,Electronic check,Yes,0
CID-00059,Monthly,46,48.534268693002666,2419.132232178852,No,No,Credit card,No,0
CID-00060,Monthly,29,45.623202958178425,1299.5470642460223,Yes,Yes,Mailed check,No,0
CID-00061,Monthly,62,57.7443090787408,2865.967069427961,Yes,No,Electronic check,No,0
CID-00062,Monthly,62,58.992210382506485,3281.3322772145307,Yes,Yes,Electronic check,No,0
CID-00063,Two-year,57,48.2837426555961,2511.218396949535,No,Yes,Mailed check,Yes,0
CID-00064,Monthly,16,38.7452903300874,658.9035591170883,Yes,Yes,Credit card,Yes,0
CID-00065,Monthly,56,41.89495022321212,2262.273764444586,Yes,Yes,Mailed check,No,0
CID-00066,One-year,10,59.44964437771025,694.9901528413566,Yes,Yes,Credit card,No,0
CID-00067,Monthly,30,41.78311028827817,1437.460792250769,No,No,Bank transfer,No,0
CID-00068,Two-year,25,47.55519577756345,1387.8625376456785,No,Yes,Mailed check,Yes,0
CID-00069,Monthly,5,45.19491712039758,205.26372120825144,No,No,Mailed check,No,1
CID-00070,Two-year,65,51.04616621775315,3480.8785478177388,No,Yes,Credit card,No,0
CID-00071,One-year,49,75.69267016559715,3531.8299786497632,No,Yes,Credit card,Yes,0
CID-00072,Monthly,3,70.58125528337538,218.68624720101064,Yes,No,Mailed check,No,1
CID-00073,Monthly,45,42.10068525262769,1741.9048285851993,No,Yes,Electronic check,No,0
CID-00074,Two-year,14,40.09459404162401,630.1514550866754,No,Yes,Electronic check,Yes,0
CID-00075,One-year,30,67.4099563315045,1863.1576256397539,Yes,No,Electronic check,No,0
CID-00076,One-year,68,52.945463518024354,2899.2287045827966,No,No,Bank transfer,No,0
CID-00077,One-year,18,83.95201770706943,1818.4683242272724,Yes,Yes,Bank transfer,Yes,0
CID-00078,Monthly,62,51.52927900685566,3336.184814563642,No,Yes,Credit card,No,1
CID-00079,Monthly,37,55.47834432676223,1833.239223858422,Yes,Yes,Bank transfer,Yes,0
CID-00080,Monthly,25,75.77667847319708,1863.676046549724,Yes,No,Electronic check,No,1
CID-00081,Two-year,48,40.67621903247756,1839.8295589902384,No,Yes,Mailed check,No,0
CID-00082,One-year,65,47.81332556939106,3109.6505268348687,No,No,Bank transfer,No,0
CID-00083,Monthly,53,48.8228031498532,2795.336823781242,Yes,No,Bank transfer,No,0
CID-00084,Monthly,15,42.247961582872534,674.6436992051104,Yes,Yes,Electronic check,No,0
CID-00085,Monthly,49,34.79352110305494,1748.140351594342,Yes,No,Bank transfer,Yes,0
CID-00086,Monthly,68,65.80690889695552,4477.220504806068,Yes,Yes,Credit card,No,0
CID-00087,One-year,12,47.92687872270195,637.1593317657474,Yes,Yes,Mailed check,No,0
CID-00088,One-year,59,33.5476002995116,1598.200851728347,Yes,No,Electronic check,Yes,0
CID-00089,Two-year,37,53.16638423159392,1819.8294562350736,Yes,No,Credit card,Yes,0
CID-00090,Monthly,61,60.73261000536875,3342.125046436228,No,No,Electronic check,No,0
CID-00091,Monthly,43,38.160211014103666,1806.004812101659,Yes,No,Credit card,Yes,0
CID-00092,One-year,70,56.081328655585764,3635.5479346835373,No,No,Mailed check,No,0
CID-00093,One-year,39,59.525560324631975,2022.9627130742208,No,No,Mailed check,Yes,0
CID-00094,One-year,56,37.349334425705784,2206.4580299228965,Yes,Yes,Credit card,Yes,1
CID-00095,One-year,63,38.323843861132744,2194.9939507315744,Yes,Yes,Credit card,No,0
CID-00096,Monthly,46,35.5240902673156,1576.7956518671986,No,Yes,Credit card,Yes,0
CID-00097,One-year,11,48.85088897587303,665.3128747059073,Yes,No,Credit card,No,0
CID-00098,Monthly,62,36.75981092390404,2458.5056766617645,Yes,No,Credit card,Yes,0
CID-00099,Monthly,25,51.030057672711905,1248.82790589866,No,No,Credit card,Yes,0
CID-00100,Monthly,71,35.93397719881052,2520.4088123732745,No,Yes,Mailed check,Yes,0
CID-00101,Monthly,52,72.49640249376726,4111.9187732817045,No,Yes,Credit card,No,0
CID-00102,One-year,4,45.87615357293049,195.66859255189578,Yes,No,Bank transfer,No,0
CID-00103,Monthly,59,36.65636317009373,2179.075520846174,Yes,No,Mailed check,Yes,0
CID-00104,One-year,20,59.71455652736473,1206.659202596948,No,No,Electronic check,No,0
CID-00105,Two-year,63,41.647777779158446,2235.5258759283147,Yes,No,Mailed check,No,0
CID-00106,Monthly,54,33.54821917707175,1505.4408760973827,No,Yes,Electronic check,No,0
CID-00107,Monthly,57,40.11151840789671,2245.928672423306,Yes,Yes,Electronic check,Yes,0
CID-00108,One-year,41,57.00066538459569,2189.0268053023806,No,Yes,Bank transfer,No,0
CID-00109,Monthly,3,32.18808379659082,102.22367971040424,Yes,No,Credit card,Yes,1
CID-00110,Monthly,6,42.65636556043843,260.98477610236245,No,Yes,Credit card,Yes,1
CID-00111,Monthly,5,39.23207899093434,181.00162193080024,Yes,No,Mailed check,Yes,0
CID-00112,Monthly,5,50.1059828256274,254.61852373248362,Yes,No,Credit card,Yes,0
CID-00113,Two-year,54,53.78294478134771,2782.8125478120282,No,No,Bank transfer,Yes,0
CID-00114,Two-year,47,49.41471008688596,2802.457761494335,Yes,Yes,Mailed check,No,0
CID-00115,One-year,49,69.06316037367112,3514.8029161081186,Yes,Yes,Mailed check,No,0
CID-00116,Two-year,9,39.25086490244377,298.12812750953856,No,No,Mailed check,Yes,0
CID-00117,Two-year,20,51.264218099127774,1211.9389282833797,Yes,Yes,Credit card,No,0
CID-00118,Monthly,61,39.68834744522367,2267.7045044713627,Yes,No,Credit card,No,0
CID-00119,Two-year,35,87.29447654820522,2757.4946353490363,Yes,No,Credit card,No,0
CID-00120,One-year,50,39.72688696806141,2412.1543351057626,No,No,Mailed check,No,0
CID-00121,Two-year,62,59.41991635062351,3811.442242457246,No,Yes,Mailed check,No,0
CID-00122,Two-year,17,43.48207332881234,790.9955367396112,No,Yes,Electronic check,No,0
CID-00123,Monthly,3,40.68038112172047,130.98749283480493,No,No,Electronic check,No,0
CID-00124,Monthly,32,44.27574761191713,1387.638807783603,No,Yes,Credit card,Yes,0
CID-00125,Monthly,13,39.714825402315086,486.739862255837,Yes,Yes,Mailed check,Yes,0
CID-00126,Monthly,68,54.72600798239163,3569.0687609313536,Yes,Yes,Credit card,Yes,0
CID-00127,Two-year,14,41.35092373524445,672.0522818319395,No,Yes,Credit card,No,0
CID-00128,Two-year,11,44.95142271288576,504.54224433434973,Yes,No,Electronic check,No,0
CID-00129,Monthly,56,33.151936523496154,2100.252231237296,Yes,Yes,Bank transfer,Yes,0
CID-00130,One-year,67,31.67145625814871,2105.7660083247515,Yes,No,Credit card,No,0
CID-00131,Monthly,29,69.98358222156708,1876.2169832132588,Yes,No,Bank transfer,No,0
CID-00132,Monthly,9,79.35737725832709,611.2109302005146,No,Yes,Bank transfer,Yes,0
CID-00133,Monthly,67,50.200187556747814,3581.3627718971925,No,No,Mailed check,Yes,0
CID-00134,Monthly,25,34.11797867567087,997.4474721761586,Yes,No,Mailed check,Yes,0
CID-00135,Two-year,42,52.35623731925217,2004.1398724801277,Yes,Yes,Credit card,No,0
CID-00136,Monthly,9,43.50312786465463,411.62813202799106,No,No,Electronic check,No,0
CID-00137,One-year,40,39.06251392437871,1347.5605247816545,Yes,No,Electronic check,No,0
CID-00138,One-year,25,49.41937863529397,1166.8290046571085,Yes,Yes,Credit card,Yes,0
CID-00139,Monthly,5,50.158889712416546,257.5141543958334,Yes,Yes,Credit card,Yes,0
CID-00140,Two-year,11,52.10285761448415,474.0774670315216,No,Yes,Electronic check,No,0
CID-00141,Two-year,59,70.66098363861434,4161.484144157515,No,Yes,Bank transfer,Yes,0
CID-00142,Monthly,38,39.97674426397629,1392.0117507959876,Yes,Yes,Credit card,Yes,0
CID-00143,Monthly,5,37.836724622661386,200.62467725694341,Yes,No,Bank transfer,No,0
CID-00144,Monthly,48,55.5291805267788,2621.314767121917,Yes,No,Credit card,Yes,0
CID-00145,Monthly,18,47.80690864809745,941.3653713572149,Yes,Yes,Credit card,Yes,0
CID-00146,Monthly,70,43.73812899421769,2976.065288069789,Yes,Yes,Bank transfer,Yes,1
CID-00147,One-year,37,54.13235813153335,1730.0266313763673,Yes,No,Bank transfer,No,0
CID-00148,One-year,60,52.79392947507535,2696.620974601635,No,Yes,Electronic check,No,0
CID-00149,Monthly,48,63.06376750546302,2449.1920490713487,No,Yes,Credit card,Yes,0
CID-00150,Monthly,28,46.57753716539331,1386.7195681540645,Yes,No,Mailed check,No,0
CID-00151,Two-year,69,36.558396713088136,3167.724510463657,No,No,Mailed check,No,0
CID-00152,Monthly,40,49.08479517884354,2048.8461064247563,Yes,No,Credit card,No,0
CID-00153,Monthly,45,49.81724857503427,2616.6116740511875,Yes,Yes,Credit card,Yes,0
CID-00154,Monthly,62,33.83010995784789,2335.2300536371354,No,No,Credit card,No,0
CID-00155,Two-year,58,45.80459829713702,2518.9620994856514,No,Yes,Bank transfer,Yes,0
CID-00156,Monthly,67,56.45668154897291,4261.2157911452,Yes,No,Mailed check,Yes,0
CID-00157,One-year,56,56.16920250599058,2994.9408512693453,Yes,Yes,Mailed check,No,0
CID-00158,One-year,40,53.211120062427575,2030.811364418759,No,Yes,Mailed check,Yes,0
CID-00159,Monthly,40,38.72126716081876,1516.5428497116447,No,Yes,Credit card,No,0
CID-00160,One-year,33,47.41661566602549,1539.5248835651719,Yes,No,Bank transfer,No,0
CID-00161,Monthly,6,65.71242739228717,420.3506800511804,Yes,No,Credit card,Yes,1
CID-00162,One-year,19,46.40865686966684,822.6080711073723,Yes,No,Electronic check,Yes,0
CID-00163,One-year,40,41.55111462436459,1809.8174308375528,No,Yes,Electronic check,No,0
CID-00164,One-year,59,58.52368869976331,3754.937810689068,Yes,No,Mailed check,No,0
CID-00165,Monthly,59,55.06011422548267,3359.960045805731,No,No,Credit card,No,0
CID-00166,Two-year,48,50.06197584183049,2869.05870206178,Yes,Yes,Electronic check,No,0
CID-00167,Monthly,41,48.875171093480105,2261.860312300104,No,Yes,Electronic check,Yes,0
CID-00168,Monthly,13,67.60674852320773,972.9049256453404,No,No,Credit card,Yes,0
CID-00169,Monthly,45,51.431938780043396,2329.7480284951607,No,No,Bank transfer,Yes,0
CID-00170,One-year,53,48.378947830886815,2654.280035875958,No,No,Credit card,No,0
CID-00171,One-year,42,45.50370791517326,2011.2634769030783,Yes,Yes,Credit card,Yes,0
CID-00172,Monthly,63,39.57474155595394,2496.5100688168636,No,No,Bank transfer,Yes,0
CID-00173,One-year,27,45.25204554005337,1175.9179565138443,No,Yes,Mailed check,Yes,0
CID-00174,Monthly,38,46.056131155051105,1329.1012617842432,No,Yes,Mailed check,Yes,0
CID-00175,One-year,60,55.01579879393656,3537.878551614147,Yes,No,Mailed check,No,0
CID-00176,Monthly,7,38.877900212062784,300.4877981663246,Yes,No,Bank transfer,Yes,0
CID-00177,One-year,5,35.64417219516485,157.52730075187068,Yes,Yes,Electronic check,Yes,0
CID-00178,Monthly,45,59.467515859653744,2837.983656922002,Yes,Yes,Bank transfer,Yes,0
CID-00179,Two-year,58,53.74567351689643,2932.855465549543,Yes,No,Credit card,Yes,0
CID-00180,Monthly,31,43.5909463286487,1301.78953904172,Yes,No,Bank transfer,No,0
CID-00181,Monthly,23,49.62048426678347,1290.8644540247942,No,No,Electronic check,No,0
CID-00182,Monthly,42,52.4535707952609,1984.808266699852,No,Yes,Electronic check,Yes,0
CID-00183,Two-year,10,58.363359168169175,525.7285139422845,No,Yes,Credit card,No,0
CID-00184,Two-year,32,65.01980647461582,2456.1537469410146,Yes,No,Mailed check,No,0
CID-00185,Monthly,53,36.13708187613109,1887.3873694720162,No,Yes,Electronic check,No,0
CID-00186,One-year,30,51.85836793908223,1749.6824982523217,No,Yes,Electronic check,No,0
CID-00187,Two-year,39,62.98981865066061,2063.8651143384664,Yes,No,Electronic check,Yes,0
CID-00188,One-year,31,51.21544401411467,1346.573348164071,No,Yes,Credit card,No,0
CID-00189,One-year,2,40.928218129214656,74.38339780373654,Yes,No,Electronic check,No,0
CID-00190,Monthly,12,56.91745766007487,650.1252638849551,No,No,Mailed check,Yes,1
CID-00191,Monthly,39,50.84404768348678,1704.6576541840523,Yes,Yes,Credit card,Yes,0
CID-00192,Two-year,66,82.57303178897703,5651.08003401204,Yes,Yes,Mailed check,Yes,0
CID-00193,Two-year,13,55.044069931912745,746.6712904698746,Yes,No,Electronic check,Yes,0
CID-00194,One-year,46,34.99006011469513,1464.98282815506,No,Yes,Electronic check,No,0
CID-00195,Monthly,27,46.55666935318955,1154.1297542887987,No,No,Mailed check,Yes,0
CID-00196,Monthly,17,49.18923113014972,778.7871030469911,Yes,Yes,Credit card,No,0
CID-00197,One-year,60,54.952941800889846,2913.093098985876,Yes,Yes,Credit card,No,0
CID-00198,Two-year,64,49.31586921614428,2242.3151828578066,No,Yes,Mailed check,Yes,0
CID-00199,Two-year,35,65.84749300427464,2285.0633367757687,No,No,Electronic check,Yes,0
CID-00200,One-year,70,45.54283703635841,3050.775116694181,Yes,Yes,Bank transfer,No,0
CID-00201,One-year,30,77.99902897539748,2263.1856974855714,No,No,Mailed check,No,0
CID-00202,Monthly,71,41.32676581176987,2637.3169457978597,No,No,Mailed check,Yes,1
CID-00203,Monthly,63,44.26388748193762,3014.6422630347793,No,No,Mailed check,Yes,0
CID-00204,Two-year,28,44.906971613908674,1562.3627807134267,Yes,Yes,Electronic check,Yes,0
CID-00205,One-year,60,40.21273316679765,2211.5189994859857,Yes,No,Credit card,No,0
CID-00206,Monthly,37,34.987629479822324,1475.738875363825,No,No,Electronic check,No,0
CID-00207,Monthly,22,79.15600384957824,1805.2816593626333,Yes,Yes,Mailed check,Yes,0
CID-00208,One-year,68,49.32431966119556,3365.9337590008613,No,No,Electronic check,No,0
CID-00209,Monthly,20,60.19941649240444,1162.5563539623852,No,No,Electronic check,Yes,0
CID-00210,Monthly,68,44.176731329202795,2979.0192350207776,Yes,Yes,Mailed check,No,0
CID-00211,One-year,64,45.55244039026005,3250.5028177170884,Yes,No,Electronic check,No,0
CID-00212,One-year,17,40.306147552762795,607.222687860152,Yes,Yes,Bank transfer,Yes,0
CID-00213,One-year,12,44.21243144377693,515.9587178281903,No,No,Electronic check,Yes,0
CID-00214,Monthly,22,71.31644150705722,1764.9250637349057,No,No,Electronic check,Yes,0
CID-00215,One-year,17,38.97365375956407,727.7283388809742,Yes,Yes,Credit card,No,0
CID-00216,Monthly,10,37.64772043822352,334.2144027847558,Yes,No,Credit card,No,0
CID-00217,Monthly,65,42.60329254764435,2718.6504168883403,Yes,No,Mailed check,Yes,0
CID-00218,One-year,22,79.47458967278824,1875.728847768735,No,No,Mailed check,No,0
CID-00219,One-year,50,50.234839637212914,2678.378007785211,No,Yes,Credit card,Yes,0
CID-00220,Two-year,14,60.34694197272742,927.2421285348847,No,Yes,Bank transfer,No,0
CID-00221,One-year,64,68.08986073844494,4525.213311958466,Yes,Yes,Electronic check,Yes,0
CID-00222,One-year,47,46.33991607620787,2298.1901295955495,Yes,Yes,Bank transfer,No,0
CID-00223,Monthly,29,44.807872126002515,1343.9722285470664,No,Yes,Bank transfer,No,0
CID-00224,Monthly,36,62.23864997811511,2594.5450338681367,Yes,No,Credit card,No,0
CID-00225,Monthly,52,45.35937407568761,2259.195378334692,Yes,Yes,Mailed check,No,0
CID-00226,Monthly,7,65.2735133477425,459.1165179966209,Yes,Yes,Electronic check,Yes,0
CID-00227,Two-year,29,44.46963926317194,1158.7271749060453,Yes,Yes,Mailed check,No,0
CID-00228,Monthly,11,44.17610361207727,427.04050066736085,No,No,Bank transfer,Yes,1
CID-00229,Two-year,33,48.23462942697793,1643.4675190729738,Yes,No,Bank transfer,Yes,0
CID-00230,One-year,6,52.19596983594185,290.4960563200285,No,Yes,Mailed check,Yes,0
CID-00231,One-year,32,44.22914465293027,1407.168197293965,No,No,Mailed check,Yes,0
CID-00232,One-year,51,35.98300953508432,2132.0120795057405,Yes,No,Credit card,No,0
CID-00233,One-year,58,62.04884945413036,4160.228838323209,No,No,Mailed check,Yes,0
CID-00234,Monthly,26,33.43877831410717,1062.768520986321,No,No,Mailed check,No,0
CID-00235,Monthly,46,51.24382954890686,2743.2462548531394,Yes,Yes,Credit card,No,0
CID-00236,One-year,29,91.62748253860767,3295.7262651021892,No,Yes,Mailed check,No,0
CID-00237,Monthly,4,59.4258631753487,248.0799136259587,No,No,Bank transfer,No,0
CID-00238,Monthly,13,56.58044741225126,669.1245151942134,No,No,Mailed check,Yes,1
CID-00239,One-year,39,60.90797456503726,2137.776655845085,No,No,Electronic check,No,0
CID-00240,Monthly,15,43.51041705858919,743.7886465010185,No,No,Bank transfer,Yes,0
CID-00241,Two-year,29,59.41104284060626,1731.815077051105,No,Yes,Credit card,No,0
CID-00242,Two-year,29,39.75319928230982,1167.3837599140836,No,No,Bank transfer,No,0
CID-00243,Two-year,32,50.99624546283499,1542.2780500816364,No,Yes,Credit card,Yes,0
CID-00244,Monthly,2,45.093488796295716,86.31638754474402,Yes,No,Electronic check,No,0
CID-00245,Monthly,47,46.44253993677326,2266.5663308937346,Yes,Yes,Electronic check,No,0
CID-00246,Two-year,22,44.87456735381862,883.0645471060238,Yes,No,Bank transfer,No,0
CID-00247,Monthly,27,43.641279074373024,1208.6135341852073,No,Yes,Mailed check,No,0
CID-00248,Two-year,67,59.773474858135245,4609.98365964705,No,Yes,Bank transfer,No,0
CID-00249,Two-year,56,49.828894820996304,2195.044500709971,No,Yes,Bank transfer,Yes,0
CID-00250,Two-year,21,59.4738501121021,1056.4485739673462,Yes,No,Electronic check,No,0
CID-00251,Monthly,47,54.51245361145372,2735.182356161921,Yes,Yes,Credit card,No,0
CID-00252,Monthly,59,40.79263061753137,2735.040248536472,Yes,No,Bank transfer,Yes,0
CID-00253,Two-year,6,36.7818947092464,209.8798585641846,No,Yes,Mailed check,No,0
CID-00254,Monthly,19,31.937499730566856,485.5567575820441,Yes,Yes,Electronic check,Yes,0
CID-00255,Monthly,57,58.33356649072715,3801.129980829887,Yes,No,Bank transfer,No,0
CID-00256,One-year,69,46.88840599790811,2972.896104132969,No,Yes,Bank transfer,No,0
CID-00257,Two-year,3,58.74518369799334,169.86910626132675,Yes,No,Mailed check,Yes,0
CID-00258,One-year,1,43.02695973748874,44.39971282506426,No,No,Bank transfer,No,0
CID-00259,One-year,58,37.618646181686714,2036.47361545267,Yes,No,Bank transfer,No,0
CID-00260,Monthly,38,35.98150480464755,1247.5042118252425,No,No,Bank transfer,Yes,0
CID-00261,One-year,15,43.746121060547,599.9036693037012,No,Yes,Bank transfer,Yes,0
CID-00262,Two-year,34,41.73456184935489,1682.6105399663122,No,Yes,Mailed check,No,0
CID-00263,Monthly,61,47.58111812680667,3239.0200436423193,No,No,Bank transfer,Yes,0
CID-00264,One-year,35,54.44799951908151,2015.164602767552,No,Yes,Bank transfer,No,0
CID-00265,Two-year,64,47.38929289102917,2369.7881880913833,Yes,Yes,Bank transfer,Yes,0
CID-00266,One-year,25,46.29094775258031,1224.1863208269665,No,No,Electronic check,No,0
CID-00267,One-year,24,67.69710286188682,1709.8988737146874,No,Yes,Mailed check,Yes,0
CID-00268,One-year,12,61.867254131446046,647.517544220162,No,No,Electronic check,Yes,0
CID-00269,Monthly,18,65.72873243463283,1213.7256242776043,No,Yes,Electronic check,Yes,0
CID-00270,Monthly,15,57.49586256520677,953.1226405579552,Yes,Yes,Mailed check,Yes,0
CID-00271,Two-year,27,40.125093022563014,1145.0613348173222,No,No,Electronic check,Yes,0
CID-00272,Two-year,60,35.60324290893652,1990.8971559684364,Yes,Yes,Electronic check,Yes,0
CID-00273,Two-year,46,47.850039894065745,2204.0215181504677,No,Yes,Electronic check,Yes,0
CID-00274,Two-year,17,63.995301750117605,1167.3771304877673,No,No,Mailed check,Yes,0
CID-00275,One-year,53,67.66832123984615,3607.7430282657974,Yes,Yes,Bank transfer,Yes,0
CID-00276,One-year,8,63.362752917110285,570.4819781497986,Yes,No,Credit card,No,0
CID-00277,One-year,27,53.17318258756213,1492.4829785688303,Yes,Yes,Credit card,Yes,0
CID-00278,One-year,46,84.40609193959436,4175.016023885911,No,No,Mailed check,No,0
CID-00279,One-year,50,40.8996657763467,2212.9583484695245,Yes,No,Credit card,Yes,0
CID-00280,One-year,71,33.43539240283336,2120.691681845308,No,No,Mailed check,No,0
CID-00281,Two-year,3,57.48083326602331,173.30447148726,Yes,No,Mailed check,No,0
CID-00282,Monthly,64,72.14320335361485,4463.711469872552,Yes,No,Credit card,Yes,0
CID-00283,Monthly,44,59.85863992850155,2908.706243647516,No,Yes,Electronic check,Yes,0
CID-00284,Monthly,53,59.292734322097786,3288.0865950986017,Yes,Yes,Bank transfer,No,0
CID-00285,One-year,24,68.27633444971215,1607.7909299683115,Yes,No,Credit card,No,0
CID-00286,Monthly,60,43.48609509800275,2274.7094336904693,No,Yes,Credit card,Yes,0
CID-00287,Monthly,3,31.947448266328372,80.5372009010382,No,No,Credit card,Yes,0
CID-00288,One-year,20,48.608922147241984,1002.3492834485904,No,Yes,Credit card,Yes,0
CID-00289,Monthly,46,42.00016517246057,1793.4415637582815,Yes,Yes,Mailed check,No,0
CID-00290,One-year,15,67.95652490672484,1087.24933348129,Yes,No,Mailed check,Yes,0
CID-00291,Monthly,25,68.38172059407083,1428.6411185934958,Yes,No,Bank transfer,Yes,0
CID-00292,Monthly,71,68.42800703010678,5632.306077244131,Yes,Yes,Bank transfer,Yes,0
CID-00293,Two-year,17,60.76638924022204,1101.6076773591442,Yes,Yes,Credit card,Yes,0
CID-00294,Monthly,9,39.552062459057396,359.49923951794227,No,No,Credit card,Yes,0
CID-00295,Monthly,38,46.1974363234975,2050.964010856908,Yes,Yes,Credit card,No,1
CID-00296,One-year,48,54.82769942692149,2881.327524949407,No,Yes,Bank transfer,No,0
CID-00297,One-year,60,56.95189744694942,3254.7998324208447,Yes,No,Credit card,Yes,0
CID-00298,Monthly,63,43.800720224166966,2780.852133038449,No,Yes,Electronic check,Yes,0
CID-00299,One-year,2,50.91803626959843,81.83267453091541,Yes,No,Bank transfer,No,0
CID-00300,Monthly,11,43.893834469215186,534.2147118298384,Yes,No,Electronic check,Yes,0
CID-00301,Monthly,64,42.84196625968284,2660.7392690803877,No,No,Credit card,No,0
CID-00302,One-year,21,45.12783556037596,760.3060036360425,Yes,Yes,Mailed check,Yes,0
CID-00303,One-year,18,36.610238508362194,581.102987722519,No,Yes,Electronic check,No,0
CID-00304,One-year,64,52.028788473737016,3619.8424543063907,Yes,No,Bank transfer,No,0
CID-00305,One-year,38,41.444631441899816,1829.0531380217137,Yes,No,Electronic check,Yes,0
CID-00306,Two-year,32,35.73509113094764,1145.8586210861156,No,Yes,Bank transfer,No,0
CID-00307,One-year,11,56.19105409982431,557.400845002667,Yes,Yes,Credit card,Yes,0
CID-00308,Monthly,45,39.93902799918321,1541.9111326015843,No,Yes,Electronic check,No,0
CID-00309,One-year,33,32.15022415740251,1211.0419815238804,Yes,No,Mailed check,Yes,0
CID-00310,Monthly,41,72.50176436898278,3106.179887682461,Yes,No,Electronic check,Yes,0
CID-00311,Monthly,8,63.36322508350317,490.170831794509,Yes,Yes,Mailed check,Yes,0
CID-00312,Monthly,11,45.845822238295604,475.6458686050479,Yes,Yes,Bank transfer,No,0
CID-00313,Monthly,51,33.27147158363319,1810.8441303398674,Yes,Yes,Credit card,Yes,0
CID-00314,Two-year,41,62.99830445741935,2749.3534706481128,Yes,No,Credit card,Yes,0
CID-00315,Two-year,17,36.06510310742968,558.1365569894393,Yes,No,Mailed check,Yes,0
CID-00316,One-year,46,57.27146401320212,2333.5307575966926,No,Yes,Bank transfer,No,0
CID-00317,Monthly,32,43.68508311188272,1245.283107540782,Yes,Yes,Credit card,Yes,0
CID-00318,Monthly,54,31.255433781159688,1608.7667873860944,Yes,No,Bank transfer,No,0
CID-00319,Monthly,20,71.12027552552996,1324.2900474859828,Yes,No,Mailed check,No,1
CID-00320,Monthly,33,33.553677231819755,1286.438041769902,No,Yes,Mailed check,No,0
CID-00321,One-year,40,35.2506462934092,1338.9914816374037,No,Yes,Electronic check,Yes,0
CID-00322,One-year,32,49.67386950544022,1390.9213663795852,Yes,Yes,Credit card,Yes,0
CID-00323,One-year,2,57.355494668429614,101.02026211519978,Yes,No,Credit card,No,0
CID-00324,Monthly,33,33.631240837644185,1089.4132100099323,Yes,Yes,Electronic check,Yes,0
CID-00325,Two-year,30,51.743764072481675,1269.462239983866,No,No,Mailed check,Yes,1
CID-00326,One-year,33,37.729613203658225,1237.5917424981865,Yes,No,Mailed check,No,0
CID-00327,One-year,26,40.05394513505344,902.2493722562025,No,Yes,Mailed check,No,0
CID-00328,One-year,22,38.526547789152225,945.7860182205679,Yes,Yes,Mailed check,Yes,0
CID-00329,Monthly,66,69.18330536337112,4619.321666752244,No,No,Bank transfer,No,0
CID-00330,Monthly,38,76.36070840313599,3517.1658053797623,No,Yes,Credit card,Yes,0
CID-00331,Monthly,46,33.01615509308652,1484.0853279461646,Yes,No,Credit card,No,0
CID-00332,One-year,15,46.860983383235165,482.7798571021836,Yes,Yes,Mailed check,Yes,0
CID-00333,Monthly,44,57.61145118974528,2904.412021376728,Yes,Yes,Mailed check,Yes,0
CID-00334,Monthly,49,36.008848317364325,1852.9945744656604,Yes,Yes,Mailed check,No,0
CID-00335,Monthly,61,44.5407226846877,2895.4649089296095,Yes,Yes,Credit card,Yes,0
CID-00336,Monthly,67,61.34057476448373,3697.7748498033366,Yes,No,Credit card,Yes,0
CID-00337,Two-year,6,42.44111594812968,253.55558411137258,Yes,No,Mailed check,No,0
CID-00338,One-year,9,54.98703714015921,504.11097222107685,No,No,Bank transfer,Yes,0
CID-00339,Monthly,6,37.54881436536384,219.9349568585345,Yes,Yes,Electronic check,Yes,0
CID-00340,Monthly,32,55.74959795534349,1474.5790378779523,Yes,No,Electronic check,Yes,0
CID-00341,Monthly,41,37.93277469181673,1985.8428661607907,No,No,Electronic check,No,0
CID-00342,Monthly,8,52.16341697614307,452.187103052093,Yes,No,Credit card,No,0
CID-00343,Monthly,50,46.828534891748546,2439.9034181914644,Yes,Yes,Credit card,No,0
CID-00344,Monthly,62,56.94941376647604,3994.778751933795,Yes,No,Electronic check,No,0
CID-00345,Monthly,62,50.88264942888307,3357.9491445132103,Yes,Yes,Electronic check,No,0
CID-00346,One-year,7,47.18795809370509,307.9466318676395,No,Yes,Bank transfer,Yes,0
CID-00347,One-year,4,35.018994002966835,157.58242997227896,No,No,Credit card,Yes,0
CID-00348,Monthly,6,47.71580356564687,310.6933243331072,Yes,Yes,Credit card,Yes,1
CID-00349,Monthly,58,55.31986017316949,3003.433718301706,Yes,No,Electronic check,No,0
CID-00350,One-year,22,50.40581951297251,1196.5349702061842,No,No,Bank transfer,Yes,0
CID-00351,One-year,26,53.943483052440186,1368.7898771840446,Yes,No,Bank transfer,No,0
CID-00352,Two-year,3,38.893346452557445,119.11256381344424,No,No,Electronic check,Yes,0
CID-00353,One-year,41,52.650973509347914,2288.135855361362,No,No,Electronic check,No,0
CID-00354,Monthly,60,64.80231350720021,4420.229712875094,No,Yes,Credit card,Yes,0
CID-00355,Monthly,14,39.383835479823915,515.7551772791159,Yes,No,Electronic check,Yes,0
CID-00356,One-year,12,48.70280091978681,605.7632275505119,Yes,Yes,Mailed check,No,0
CID-00357,Monthly,12,44.960226474375524,648.2757268625377,Yes,No,Bank transfer,Yes,0
CID-00358,One-year,13,37.21932308307462,475.3331208575986,No,No,Electronic check,Yes,0
CID-00359,Two-year,25,43.43440587136823,1107.2034639326355,Yes,No,Mailed check,No,0
CID-00360,One-year,45,41.74291093867045,2256.7902871175775,Yes,Yes,Bank transfer,Yes,0
CID-00361,Monthly,19,36.1194809595323,730.0183135104868,No,Yes,Mailed check,Yes,0
CID-00362,One-year,55,74.4888960105915,3493.01588003401,Yes,Yes,Mailed check,No,0
CID-00363,Monthly,45,58.53767136224428,2424.6508691007944,Yes,Yes,Electronic check,No,0
CID-00364,One-year,8,50.97111117563333,435.8877844449282,Yes,No,Bank transfer,No,0
CID-00365,Two-year,53,62.86456546358484,3472.7596741045377,No,No,Mailed check,No,0
CID-00366,Monthly,55,44.01169582191589,2459.998056234595,Yes,Yes,Credit card,No,0
CID-00367,Two-year,32,58.06605524605904,2259.69380889425,No,Yes,Bank transfer,Yes,0
CID-00368,Two-year,51,65.76182619657966,3146.757012511829,No,Yes,Credit card,No,0
CID-00369,Monthly,44,53.2095584650195,2323.7986550314026,No,No,Electronic check,No,0
CID-00370,Monthly,70,43.763527412606464,2462.0585266294274,Yes,Yes,Credit card,Yes,0
CID-00371,Monthly,18,42.230867874543634,848.3838356820108,Yes,Yes,Bank transfer,Yes,0
CID-00372,Monthly,22,50.58169455927856,1023.9012135054151,Yes,No,Mailed check,Yes,1
CID-00373,Monthly,37,38.563061267936064,1577.6690578539096,No,Yes,Mailed check,Yes,0
CID-00374,One-year,56,69.15956057770819,4241.650511414532,No,No,Bank transfer,Yes,0
CID-00375,Monthly,59,64.41291164102444,4693.104492474972,Yes,No,Mailed check,No,1
CID-00376,Monthly,3,47.161163929125394,150.66966935736593,No,No,Credit card,Yes,0
CID-00377,Two-year,28,38.46551912196707,1038.6827762158648,Yes,No,Mailed check,No,0
CID-00378,Monthly,35,47.42357414430796,1735.1185723202177,Yes,No,Mailed check,Yes,0
CID-00379,Two-year,61,46.49876191795336,2621.068140814227,Yes,Yes,Credit card,No,0
CID-00380,Monthly,54,49.752410825556495,2772.3767212411867,Yes,Yes,Credit card,Yes,0
CID-00381,Monthly,63,66.86144772978884,4127.645623026136,Yes,No,Credit card,No,0
CID-00382,One-year,7,38.670060048018875,268.7864258853851,Yes,No,Electronic check,No,0
CID-00383,One-year,49,52.69156509297378,2349.938641803406,Yes,Yes,Credit card,No,0
CID-00384,Two-year,31,65.96153640969678,2106.2430682021964,No,Yes,Credit card,No,0
CID-00385,One-year,58,59.816428367954444,3755.307323824332,Yes,No,Electronic check,No,0
CID-00386,Two-year,61,50.28713485711661,2560.7320189890434,No,Yes,Mailed check,No,0
CID-00387,Monthly,24,66.05979777090073,1476.2632470906824,No,Yes,Credit card,No,0
CID-00388,Monthly,20,47.7848208447957,971.7566246414227,Yes,No,Bank transfer,No,0
CID-00389,One-year,37,54.16635755274144,1533.7165372848094,No,Yes,Credit card,No,0
CID-00390,Two-year,4,59.029893954450365,277.21062580771155,No,Yes,Credit card,No,0
CID-00391,Two-year,20,39.24158657079122,729.0214982344053,No,Yes,Electronic check,Yes,0
CID-00392,Monthly,60,48.79885985379376,2653.2659830767116,Yes,Yes,Bank transfer,No,0
CID-00393,Monthly,24,41.04515581268152,964.6587890191182,Yes,No,Mailed check,No,0
CID-00394,One-year,50,58.0954624788661,2944.6768169533925,Yes,Yes,Mailed check,Yes,0
CID-00395,Monthly,49,51.732456757070175,2343.1327938384857,Yes,No,Bank transfer,No,0
CID-00396,Two-year,51,42.585745698273044,2384.8064306123965,Yes,Yes,Credit card,No,0
CID-00397,Two-year,36,31.92693047629972,1195.310547571174,No,No,Electronic check,Yes,0
CID-00398,Monthly,66,43.59472546756701,2636.3562995483912,No,No,Bank transfer,Yes,0
CID-00399,One-year,34,51.7311657306319,1666.9759075225443,Yes,Yes,Bank transfer,No,0
CID-00400,One-year,36,45.96716553112856,1403.8201857769639,No,No,Mailed check,Yes,0
CID-00401,Monthly,6,46.77885560121737,245.4952219445095,No,No,Electronic check,No,1
CID-00402,Two-year,39,34.646499448733906,1403.5862870331075,No,No,Bank transfer,No,0
CID-00403,One-year,42,39.914798653658416,1537.8041879222833,No,No,Electronic check,No,0
CID-00404,Two-year,58,53.04150407585324,3631.4786111878198,Yes,No,Credit card,Yes,0
CID-00405,Monthly,12,43.47564196026377,525.4078215191449,Yes,Yes,Mailed check,No,0
CID-00406,Two-year,3,49.48132876566493,128.3621360991557,Yes,No,Credit card,No,0
CID-00407,Monthly,18,42.20518215958542,672.8339540082692,No,No,Electronic check,Yes,0
CID-00408,Monthly,40,50.94329012428357,2252.29856756428,No,Yes,Credit card,No,0
CID-00409,Two-year,21,48.94002983861061,1019.8770128218526,Yes,Yes,Mailed check,No,0
CID-00410,Monthly,15,50.591311288301725,834.1491479246693,Yes,No,Electronic check,No,0
CID-00411,Monthly,26,66.15377875492757,1656.9623792770128,No,Yes,Bank transfer,No,0
CID-00412,Two-year,8,63.14243722481511,476.83996201273715,Yes,Yes,Credit card,No,0
CID-00413,Two-year,42,42.35317758461369,1977.9645024223778,Yes,Yes,Mailed check,No,0
CID-00414,One-year,44,48.741049874435426,1960.4751583539833,No,Yes,Bank transfer,Yes,0
CID-00415,One-year,14,42.370909015062644,622.2030616747433,No,Yes,Mailed check,No,0
CID-00416,Monthly,2,43.86515400065925,85.87232386430418,Yes,Yes,Electronic check,No,0
CID-00417,Monthly,37,38.66391375604966,1556.2718881735127,No,No,Electronic check,Yes,0
CID-00418,Monthly,69,51.89782405186858,4232.139857560218,Yes,No,Credit card,No,0
CID-00419,One-year,38,37.587054363671285,1372.2930110044679,No,Yes,Mailed check,No,0
CID-00420,One-year,41,44.99525849738024,1743.8685103157702,No,Yes,Mailed check,Yes,0
CID-00421,One-year,62,36.89174835379651,2439.5779782847026,Yes,No,Mailed check,Yes,0
CID-00422,One-year,60,45.08405698339905,2412.3567485496765,No,Yes,Electronic check,Yes,0
CID-00423,Monthly,14,60.712593396168614,987.3720416603218,Yes,No,Credit card,Yes,1
CID-00424,Monthly,2,41.98773101332874,96.11850320085327,No,Yes,Mailed check,Yes,0
CID-00425,Monthly,70,44.38525100698002,2796.544338697628,Yes,No,Mailed check,Yes,0
CID-00426,One-year,17,33.283607772280774,476.2447527044792,No,No,Bank transfer,Yes,0
CID-00427,Monthly,28,45.32841971780617,1121.8957928597958,No,Yes,Mailed check,No,0
CID-00428,Two-year,66,50.4249295320878,2946.8611387891287,Yes,Yes,Credit card,No,0
CID-00429,Monthly,35,51.62370000937104,1951.6939643156052,No,Yes,Bank transfer,No,0
CID-00430,Monthly,5,59.29703660612714,342.4157874925842,Yes,Yes,Bank transfer,Yes,0
CID-00431,Monthly,65,42.25290588529697,2963.4422177896836,No,No,Bank transfer,No,0
CID-00432,One-year,40,46.684677598893245,1823.2808740193007,No,Yes,Electronic check,Yes,0
CID-00433,One-year,56,62.316658772271694,3609.2557077651168,Yes,No,Bank transfer,No,0
CID-00434,Monthly,36,45.789527210645396,1505.0467699419823,No,Yes,Mailed check,No,0
CID-00435,Monthly,45,32.427392283151164,1619.3408334356368,No,No,Electronic check,No,0
CID-00436,One-year,23,49.42979053943756,1186.001912430781,Yes,Yes,Electronic check,No,0
CID-00437,Monthly,47,49.96510567609638,2529.934638545317,No,Yes,Electronic check,Yes,0
CID-00438,Two-year,31,45.854540026074034,1318.0722144281813,Yes,No,Electronic check,Yes,0
CID-00439,One-year,11,35.887477892665544,388.10667622115545,Yes,Yes,Electronic check,No,0
CID-00440,Monthly,10,45.761999629005416,490.80079305287575,Yes,Yes,Electronic check,Yes,0
CID-00441,Monthly,67,48.811463774129734,3742.449922804018,No,Yes,Electronic check,Yes,0
CID-00442,Two-year,14,44.70884778414245,587.8614535621297,No,Yes,Bank transfer,No,0
CID-00443,Monthly,10,38.94777209368303,419.8745839473997,Yes,Yes,Credit card,Yes,0
CID-00444,Monthly,1,67.08561056759183,62.30863344323553,No,No,Mailed check,Yes,0
CID-00445,Two-year,5,36.457532048710576,220.88149015663114,Yes,Yes,Mailed check,Yes,0
CID-00446,Two-year,20,58.84834623028334,1128.1434284910706,No,No,Bank transfer,Yes,0
CID-00447,Two-year,8,50.95456174389533,433.86811325016623,Yes,Yes,Bank transfer,No,0
CID-00448,One-year,43,43.740896572026564,1912.0073787175922,Yes,Yes,Electronic check,No,0
CID-00449,Monthly,1,45.619313176104846,57.504527077307635,No,No,Credit card,Yes,0
CID-00450,Monthly,57,46.926356651064985,2736.296464771744,Yes,No,Electronic check,No,0
CID-00451,One-year,64,41.475210559708366,2517.6963109985413,Yes,No,Bank transfer,No,0
CID-00452,One-year,28,47.069133071006846,1402.2185739856793,No,No,Electronic check,No,0
CID-00453,Monthly,37,61.57485232021815,2418.8936421535504,Yes,No,Mailed check,Yes,0
CID-00454,Two-year,47,38.6945754204679,1790.0068660195368,Yes,Yes,Mailed check,Yes,0
CID-00455,Monthly,37,45.83548707139155,1510.2502531621826,No,No,Electronic check,No,0
CID-00456,Monthly,49,53.55520466943449,2485.6473020760445,Yes,No,Credit card,No,0
CID-00457,Monthly,44,72.43803686704564,3468.2314566875357,Yes,Yes,Electronic check,Yes,1
CID-00458,Monthly,56,39.521987643860136,1826.4804363526912,Yes,Yes,Electronic check,No,0
CID-00459,Monthly,28,45.31281160776447,1237.287685112364,Yes,No,Credit card,Yes,0
CID-00460,Monthly,6,63.255347061198464,417.29035995910226,Yes,No,Credit card,No,0
CID-00461,Monthly,61,48.15515491363482,2910.0002677820266,Yes,No,Credit card,Yes,0
CID-00462,One-year,20,64.79788662723135,1577.6613789110309,Yes,Yes,Mailed check,Yes,0
CID-00463,One-year,2,41.607400041669706,68.69672798715916,Yes,No,Electronic check,Yes,0
CID-00464,One-year,37,57.98440451978613,1939.168896638215,No,Yes,Bank transfer,Yes,0
CID-00465,Two-year,20,58.99511812834076,906.7981733913078,Yes,Yes,Credit card,No,0
CID-00466,Monthly,26,42.53128511825081,1326.2783900972304,Yes,Yes,Credit card,Yes,0
CID-00467,Monthly,29,80.89263888728092,2124.203265148418,No,Yes,Electronic check,No,1
CID-00468,Two-year,1,67.59408561289987,54.16367268779384,Yes,No,Bank transfer,Yes,0
CID-00469,Monthly,35,41.84140493234661,1374.8366992593367,Yes,Yes,Electronic check,Yes,0
CID-00470,Two-year,70,70.68274936341291,4258.659415702754,Yes,Yes,Electronic check,No,0
CID-00471,Monthly,59,43.83483781087496,2429.842610137292,Yes,No,Credit card,No,0
CID-00472,Two-year,69,34.03392800997267,2358.0230668622053,Yes,Yes,Credit card,No,0
CID-00473,Monthly,33,63.82815544882611,2275.872006676687,Yes,No,Mailed check,Yes,0
CID-00474,Two-year,51,39.96968132074499,2002.8482918063753,No,Yes,Bank transfer,Yes,0
CID-00475,One-year,12,56.16270138310867,675.6568893907081,No,No,Bank transfer,No,0
CID-00476,Two-year,20,35.13457425861222,661.8232840654211,No,Yes,Credit card,Yes,0
CID-00477,Monthly,53,57.825836305477225,2601.4686887595326,No,Yes,Credit card,No,0
CID-00478,One-year,43,62.83496761678086,2202.986233131243,No,No,Credit card,Yes,0
CID-00479,Two-year,50,51.32715469084492,2472.817644392557,Yes,Yes,Bank transfer,Yes,0
CID-00480,One-year,29,65.23175818672658,1907.732471959107,Yes,Yes,Mailed check,Yes,0
CID-00481,One-year,57,72.33454165932943,3942.2250865410238,Yes,No,Bank transfer,No,0
CID-00482,One-year,39,45.15271182841929,1442.3412820913627,Yes,Yes,Credit card,Yes,0
CID-00483,Monthly,56,76.13703468369616,4349.544375251152,Yes,Yes,Credit card,No,0
CID-00484,One-year,43,50.34677298953506,2517.641283752403,No,No,Mailed check,No,0
CID-00485,One-year,50,33.327197984138024,1647.2556639370155,No,No,Electronic check,Yes,0
CID-00486,Two-year,23,34.109563591404914,739.0546318976245,Yes,No,Electronic check,No,0
CID-00487,Monthly,44,43.307639986657605,1894.0088013016339,Yes,No,Bank transfer,No,0
CID-00488,Monthly,38,50.775869271137466,1716.3948151730028,Yes,No,Electronic check,Yes,0
CID-00489,Two-year,23,58.171846017296936,1181.5593120317433,No,Yes,Electronic check,No,0
CID-00490,Two-year,45,68.4645285272739,3219.980120931184,No,No,Bank transfer,No,0
CID-00491,Monthly,52,49.50440810589636,2829.1606833788246,Yes,Yes,Credit card,Yes,0
CID-00492,One-year,50,62.79105911182005,3093.3706489515466,No,No,Electronic check,Yes,0
CID-00493,Monthly,8,36.49589181198571,234.33968198383457,Yes,Yes,Credit card,Yes,0
CID-00494,Monthly,1,52.553560845517715,54.410535276557205,No,Yes,Bank transfer,No,0
CID-00495,Monthly,8,59.823515461608025,577.5305790786523,No,No,Credit card,No,0
CID-00496,Monthly,29,34.30711791461751,970.6408346714287,Yes,Yes,Credit card,Yes,0
CID-00497,One-year,5,61.8609273516823,303.80378446239416,No,Yes,Bank transfer,No,0
CID-00498,Monthly,47,38.550873860185575,1653.7793812444447,No,No,Credit card,Yes,0
CID-00499,Two-year,34,47.119137076013345,1679.1660096144642,Yes,No,Electronic check,Yes,0
CID-00500,Two-year,65,32.58906221335731,1976.155351722657,No,No,Electronic check,Yes,0
CID-00501,One-year,55,38.57362961047241,2338.266325734829,Yes,No,Electronic check,No,0
CID-00502,One-year,43,42.60726789211264,1711.6363641904834,No,Yes,Electronic check,No,0
CID-00503,Monthly,30,47.702703232757834,1479.9942278962376,Yes,Yes,Credit card,Yes,0
CID-00504,Two-year,17,46.333916345151685,784.026150153574,Yes,Yes,Electronic check,Yes,0
CID-00505,One-year,26,69.76577772475369,2095.993506925374,No,Yes,Credit card,No,0
CID-00506,Monthly,8,44.28389126531002,368.7778026135044,No,Yes,Mailed check,Yes,1
CID-00507,Two-year,47,46.10343408470015,2467.406664388587,Yes,Yes,Credit card,No,0
CID-00508,Two-year,46,54.56661780517847,2537.329617475423,No,No,Electronic check,Yes,0
CID-00509,Two-year,68,56.204312386711806,3756.6381222240834,No,Yes,Mailed check,Yes,0
CID-00510,One-year,33,45.3804113812799,1491.8343032350654,No,Yes,Bank transfer,No,0
CID-00511,One-year,1,44.99885179640586,41.52759896369025,Yes,Yes,Credit card,No,0
CID-00512,Monthly,19,49.20373623028523,984.5751605063789,Yes,No,Electronic check,No,0
CID-00513,Two-year,31,49.28107079220122,1422.246239936356,Yes,No,Electronic check,No,0
CID-00514,Two-year,14,49.75898433963499,704.460246165234,No,No,Electronic check,No,0
CID-00515,Monthly,53,84.27959917835236,4848.821974888297,No,No,Bank transfer,Yes,0
CID-00516,Monthly,48,39.23523934246928,2181.519906769427,Yes,Yes,Mailed check,Yes,0
CID-00517,Monthly,69,48.530832623214394,3403.1632257520696,Yes,Yes,Mailed check,No,0
CID-00518,Two-year,62,37.82728613262215,2547.2699197438797,No,Yes,Electronic check,No,0
CID-00519,Two-year,66,64.67714696859176,4585.38070815987,No,No,Credit card,Yes,0
CID-00520,Monthly,64,44.265366704494724,2724.656671362297,No,Yes,Electronic check,Yes,0
CID-00521,One-year,70,33.774042924744094,2862.5063151586087,No,Yes,Electronic check,No,0
CID-00522,Monthly,63,47.369627085333605,2812.319323330415,Yes,Yes,Credit card,No,0
CID-00523,Two-year,33,61.072367852095354,2033.7270881456882,No,No,Electronic check,Yes,0
CID-00524,Two-year,41,31.839175758723517,1495.2279011586697,No,No,Bank transfer,No,0
CID-00525,Two-year,48,47.49103078353666,2605.4244155899473,Yes,No,Electronic check,Yes,0
CID-00526,Monthly,13,37.07643931915432,482.68394532844,Yes,Yes,Bank transfer,Yes,0
CID-00527,Monthly,31,34.08719530195138,1161.3606946137907,No,Yes,Electronic check,No,0
CID-00528,Monthly,68,41.78656537489952,2777.845009676187,Yes,Yes,Mailed check,Yes,0
CID-00529,Monthly,4,36.03119475518618,137.08170531309926,No,Yes,Credit card,Yes,0
CID-00530,Two-year,19,47.261721473269766,789.067559170983,No,No,Mailed check,Yes,0
CID-00531,Two-year,70,38.68816947599309,2904.211377956746,Yes,Yes,Electronic check,No,0
CID-00532,Two-year,13,71.70851497961904,1009.5115567777084,Yes,No,Electronic check,Yes,1
CID-00533,Two-year,23,35.50781953693803,770.3014749154113,No,Yes,Bank transfer,No,0
CID-00534,One-year,1,52.58717969916978,53.997042165623284,Yes,No,Electronic check,Yes,0
CID-00535,One-year,54,53.12139292469737,3629.005886679036,No,Yes,Electronic check,Yes,1
CID-00536,Two-year,71,48.92852090432905,3872.2738133399694,No,Yes,Electronic check,Yes,0
CID-00537,Two-year,15,38.3360568489855,523.2018432280562,No,No,Mailed check,Yes,0
CID-00538,Monthly,65,59.890868485937986,4282.805277641573,Yes,No,Bank transfer,Yes,0
CID-00539,Monthly,71,47.918131298060274,3097.058143971985,No,Yes,Mailed check,No,1
CID-00540,Monthly,15,78.7252947049826,838.9890483207055,No,Yes,Bank transfer,No,0
CID-00541,Two-year,21,69.97631929958055,1466.5031353161548,No,Yes,Mailed check,Yes,0
CID-00542,One-year,19,81.43818839584381,1789.2037399583162,Yes,No,Electronic check,No,1
CID-00543,Monthly,60,50.3224566056557,3441.2854824258425,No,Yes,Mailed check,No,0
CID-00544,One-year,33,52.70237394895226,1804.786263844542,No,No,Mailed check,Yes,0
CID-00545,One-year,49,69.49236749158324,3220.660315701428,No,Yes,Bank transfer,No,0
CID-00546,Monthly,35,66.86468866452768,2454.1061765886884,Yes,Yes,Bank transfer,No,0
CID-00547,Monthly,44,44.50145371007919,1905.360680260857,No,Yes,Mailed check,No,0
CID-00548,One-year,11,46.099128502465966,481.04342580199767,No,Yes,Bank transfer,No,0
CID-00549,One-year,66,36.8422011210403,2689.820165595635,Yes,No,Bank transfer,Yes,0
CID-00550,One-year,46,64.41770145205138,2807.3385940660905,Yes,No,Bank transfer,No,0
CID-00551,One-year,9,39.14057477404976,391.97379102056266,No,Yes,Credit card,Yes,0
CID-00552,Two-year,3,39.89442044698811,112.59578661614779,No,Yes,Bank transfer,Yes,0
CID-00553,One-year,26,39.84179215155507,1249.1230183256566,No,Yes,Credit card,No,0
CID-00554,One-year,48,46.41869558395908,1862.5480569188965,Yes,No,Credit card,Yes,0
CID-00555,Two-year,66,66.4200263405271,3964.300686664858,Yes,Yes,Bank transfer,No,0
CID-00556,Monthly,70,36.241364308833624,2497.480331021947,No,No,Mailed check,Yes,0
CID-00557,Monthly,28,41.32896921372409,927.6153676823725,Yes,No,Bank transfer,No,0
CID-00558,Monthly,26,44.609153945846074,861.6452593415123,No,No,Electronic check,No,0
CID-00559,One-year,25,36.47369137801263,731.7162650378834,No,No,Mailed check,Yes,0
CID-00560,One-year,12,46.30856272828339,539.4712749178702,Yes,Yes,Credit card,No,0
CID-00561,One-year,5,67.16067799855193,326.8471774463509,No,Yes,Credit card,No,0
CID-00562,Monthly,48,40.00162674860298,1984.0165845205695,Yes,No,Mailed check,No,0
CID-00563,Monthly,37,35.35807931763979,1282.4762368848126,Yes,Yes,Mailed check,No,0
CID-00564,Monthly,44,60.67310849479402,2749.5761915388102,No,Yes,Bank transfer,Yes,0
CID-00565,Monthly,15,56.73806453411022,812.7543560465707,Yes,Yes,Credit card,Yes,0
CID-00566,One-year,43,48.749572933670805,2246.073576630757,No,No,Electronic check,Yes,0
CID-00567,Monthly,48,46.31980511397056,2355.486598387134,Yes,Yes,Bank transfer,No,0
CID-00568,Monthly,70,58.88762354493385,3987.4665840538255,No,Yes,Mailed check,Yes,0
CID-00569,Two-year,46,35.87163057572238,1738.0469571583667,No,Yes,Credit card,No,0
CID-00570,Monthly,43,34.499494412548124,1455.196349610814,No,Yes,Mailed check,No,0
CID-00571,One-year,21,32.928173457323204,586.2240778224381,Yes,Yes,Mailed check,No,0
CID-00572,One-year,23,33.622188976661704,843.2560075754604,No,Yes,Mailed check,Yes,0
CID-00573,Monthly,47,46.83918001110705,2001.8112163171854,Yes,Yes,Bank transfer,Yes,0
CID-00574,One-year,15,80.30009136029871,1312.162588291342,Yes,Yes,Electronic check,Yes,0
CID-00575,Two-year,25,42.497147873626865,1096.8542309648494,Yes,Yes,Electronic check,Yes,0
CID-00576,Two-year,36,45.290417887212584,1616.6740614334135,Yes,Yes,Credit card,No,0
CID-00577,Monthly,51,32.66118529189084,1353.0658215759681,Yes,No,Mailed check,Yes,0
CID-00578,Two-year,15,42.731516810857656,739.6662469195129,No,Yes,Electronic check,Yes,0
CID-00579,Monthly,68,50.52162971851574,3310.7241133259267,Yes,No,Mailed check,Yes,0
CID-00580,Monthly,21,37.9569977450334,847.6778228038653,No,Yes,Credit card,Yes,0
CID-00581,Monthly,13,45.292691585546734,582.0941373479719,No,No,Mailed check,No,1
CID-00582,Two-year,19,54.13359000158435,1000.6200486122767,Yes,No,Electronic check,Yes,0
CID-00583,Monthly,34,52.650844587450386,1824.6438007912323,No,Yes,Mailed check,Yes,0
CID-00584,Monthly,68,57.63954046658472,3929.9037283335656,No,No,Electronic check,Yes,0
CID-00585,One-year,52,59.95149668590975,3034.243417315303,Yes,No,Credit card,No,0
CID-00586,Monthly,27,45.161449154361094,1212.6142959768513,No,No,Mailed check,Yes,0
CID-00587,Monthly,29,76.93636258661515,2326.4392386160994,Yes,Yes,Electronic check,Yes,0
CID-00588,Monthly,28,47.23685484138994,1388.4750896903354,Yes,No,Credit card,Yes,0
CID-00589,Monthly,35,56.8634839955306,1998.850987448914,Yes,No,Mailed check,No,0
CID-00590,Monthly,8,38.26154564006761,325.0987723008539,No,Yes,Credit card,No,1
CID-00591,Monthly,16,52.056741910881996,797.5867627947648,No,No,Electronic check,Yes,1
CID-00592,One-year,36,43.28834696256362,1905.102443658576,No,No,Mailed check,Yes,0
CID-00593,Monthly,30,36.36776402311527,1253.1155284878241,No,No,Mailed check,No,0
CID-00594,Monthly,18,49.10861425981793,951.3515907476375,Yes,Yes,Mailed check,No,0
CID-00595,Two-year,2,45.221063225062395,72.88205959645416,Yes,No,Credit card,No,0
CID-00596,Monthly,49,46.33271136496174,2407.887555109957,No,Yes,Credit card,No,0
CID-00597,One-year,4,49.10366114173536,189.8025992691012,Yes,No,Electronic check,No,0
CID-00598,Monthly,7,41.23392129499728,260.38905808867645,No,No,Bank transfer,Yes,1
CID-00599,Monthly,39,47.73724678211389,1794.3392973047453,Yes,No,Mailed check,Yes,0
CID-00600,Monthly,13,54.44211893335061,646.3267557947563,Yes,No,Mailed check,Yes,1
CID-00601,Monthly,31,48.00593855600156,1563.6057255909802,Yes,Yes,Electronic check,Yes,0
CID-00602,Monthly,71,32.93798041323883,2716.512432882344,Yes,No,Mailed check,No,0
CID-00603,Monthly,63,43.37941956888429,2958.6491248877,Yes,Yes,Credit card,No,0
CID-00604,Monthly,56,42.74542413063645,3055.021504614822,No,No,Credit card,No,0
CID-00605,Monthly,42,44.310167181834125,1571.8955503779341,No,Yes,Mailed check,No,0
CID-00606,Monthly,61,65.54288093043374,3795.7972052281743,Yes,No,Mailed check,No,0
CID-00607,Monthly,42,46.719211637119024,1777.1658358902628,No,No,Credit card,Yes,0
CID-00608,Monthly,56,36.43282803822891,2291.0588107400513,Yes,Yes,Mailed check,Yes,0
CID-00609,One-year,36,42.357259779487435,1491.2304805075526,Yes,Yes,Credit card,Yes,0
CID-00610,One-year,68,61.03744474035676,4229.205816059463,Yes,Yes,Bank transfer,Yes,0
CID-00611,Monthly,7,64.48432825718946,479.9942478992339,Yes,Yes,Bank transfer,Yes,0
CID-00612,One-year,54,38.74478559359985,1787.8448187251613,No,No,Mailed check,No,0
CID-00613,One-year,1,47.248736907606144,44.31294153857747,Yes,Yes,Mailed check,No,0
CID-00614,Monthly,44,40.62694681225313,1965.8554915167845,No,Yes,Mailed check,No,0
CID-00615,Two-year,45,34.21165218786387,1455.1448816613834,Yes,Yes,Credit card,No,0
CID-00616,Two-year,47,41.38627239255709,1611.8247173532875,Yes,No,Bank transfer,No,0
CID-00617,Monthly,13,51.139131131475956,604.8254825423337,No,No,Bank transfer,Yes,1
CID-00618,Monthly,22,65.14618185244294,1392.1876052605749,Yes,No,Electronic check,Yes,0
CID-00619,Two-year,21,51.295309621191016,1095.164970295681,Yes,No,Electronic check,Yes,0
CID-00620,One-year,9,50.302475650776444,449.5164045374048,No,Yes,Mailed check,No,0
CID-00621,Monthly,26,37.18517015421108,907.4309571020432,No,No,Credit card,No,0
CID-00622,Monthly,9,68.47910805708771,674.2029843443306,No,Yes,Mailed check,No,0
CID-00623,Monthly,15,48.95768576904504,724.8874993697907,Yes,No,Bank transfer,No,1
CID-00624,Monthly,10,42.70171850880881,435.9589831034846,Yes,Yes,Mailed check,Yes,0
CID-00625,One-year,42,33.39167713227347,1323.7791438495176,No,Yes,Mailed check,No,0
CID-00626,Monthly,24,61.683776239743324,1703.7957504383176,No,Yes,Bank transfer,Yes,0
CID-00627,Monthly,49,40.43427005953993,1903.6861753463697,Yes,Yes,Bank transfer,No,0
CID-00628,One-year,26,35.95388820446302,941.7833906514674,Yes,Yes,Bank transfer,Yes,0
CID-00629,Monthly,37,50.09574395429142,2045.3840743775863,No,No,Bank transfer,No,0
CID-00630,Monthly,68,49.72005364829168,3475.6449185409265,No,Yes,Electronic check,No,0
CID-00631,One-year,50,36.41226228446335,1867.0550788868961,No,Yes,Credit card,Yes,0
CID-00632,Two-year,24,61.30421291449372,1180.9169557848568,No,Yes,Credit card,Yes,0
CID-00633,One-year,19,33.86073224504801,687.1428317989447,Yes,Yes,Bank transfer,No,0
CID-00634,One-year,60,58.35412287562178,3520.7097353742943,Yes,No,Credit card,Yes,0
CID-00635,Monthly,39,49.71426671882287,2043.858098774527,Yes,No,Credit card,No,0
CID-00636,Monthly,18,47.900164950755666,877.9996525419983,Yes,Yes,Credit card,No,0
CID-00637,One-year,19,38.65367762767607,693.3542326092432,No,Yes,Credit card,Yes,0
CID-00638,Monthly,36,56.262881270742,2206.602398298865,Yes,Yes,Bank transfer,No,0
CID-00639,Monthly,55,74.60307519377386,4184.46383529318,No,Yes,Mailed check,No,0
CID-00640,Monthly,69,39.4437411780671,2370.6963747714003,Yes,No,Mailed check,Yes,0
CID-00641,Monthly,47,46.20239508616312,2455.6587142319486,Yes,No,Mailed check,No,0
CID-00642,Monthly,49,53.69562096826519,2254.71403383322,Yes,Yes,Electronic check,No,0
CID-00643,Monthly,33,61.995749233477774,2230.1772082209955,No,Yes,Credit card,No,0
CID-00644,Monthly,21,32.05510821651721,773.2511661524425,Yes,Yes,Bank transfer,No,0
CID-00645,Monthly,22,65.5366481531166,1282.2998909402945,No,Yes,Bank transfer,Yes,0
CID-00646,Two-year,48,46.530037373608074,2206.023663413356,No,Yes,Electronic check,Yes,0
CID-00647,One-year,37,51.97353986079039,1881.4936741694514,Yes,No,Bank transfer,Yes,0
CID-00648,One-year,15,54.91005220563045,809.5687304994974,No,No,Mailed check,No,1
CID-00649,One-year,35,46.83559915809708,1939.2670554265453,Yes,Yes,Electronic check,Yes,0
CID-00650,Monthly,71,63.35116596815039,4005.535592991541,No,No,Bank transfer,Yes,0
CID-00651,Monthly,32,52.651816041529884,1633.2059160445901,Yes,No,Electronic check,Yes,0
CID-00652,One-year,11,32.121190796956085,406.45045846192824,No,No,Electronic check,No,0
CID-00653,One-year,10,52.759715661914285,510.5584682626211,No,Yes,Bank transfer,Yes,0
CID-00654,One-year,57,75.4720151513026,3899.3413325275483,Yes,No,Mailed check,Yes,0
CID-00655,Monthly,25,53.052634376987804,1361.1999137939708,Yes,No,Bank transfer,No,0
CID-00656,Monthly,2,66.64010314678097,144.01780005327876,Yes,Yes,Credit card,No,0
CID-00657,Monthly,64,51.72080908269817,3180.0962432645097,Yes,No,Credit card,No,0
CID-00658,Monthly,35,64.95165161497542,2399.3328055754414,No,Yes,Bank transfer,No,0
CID-00659,One-year,7,59.81377787977496,361.05806053437965,No,No,Mailed check,No,0
CID-00660,One-year,18,47.467379398121636,741.5425803913054,No,Yes,Credit card,No,0
CID-00661,Monthly,67,37.63256426101549,2410.4192515006494,No,Yes,Credit card,Yes,0
CID-00662,Two-year,42,49.90854208923689,2219.835786551918,Yes,No,Bank transfer,Yes,0
CID-00663,One-year,39,58.11878033853536,2439.2360353548097,No,No,Bank transfer,No,0
CID-00664,Monthly,41,33.138108489536855,1198.0663664011518,Yes,Yes,Bank transfer,No,0
CID-00665,Monthly,24,68.32882642453403,1758.6889940096432,No,Yes,Electronic check,Yes,0
CID-00666,Monthly,60,62.55540165008871,3815.8195877571143,Yes,No,Electronic check,No,0
CID-00667,Monthly,46,55.691163282805945,2336.5594228996633,Yes,No,Electronic check,No,0
CID-00668,Monthly,19,31.584175298966034,520.0347769753021,Yes,No,Bank transfer,Yes,0
CID-00669,Monthly,68,48.234169490807446,3355.3037626195637,Yes,No,Mailed check,No,0
CID-00670,Monthly,42,72.587003751029,3441.7973860199004,Yes,Yes,Credit card,No,0
CID-00671,Monthly,32,41.82623466152245,1343.193971650211,No,Yes,Electronic check,Yes,0
CID-00672,Two-year,39,48.59482265742628,1718.0120634246819,Yes,Yes,Mailed check,Yes,0
CID-00673,Monthly,36,64.43498082493804,1886.3417808030981,No,No,Bank transfer,Yes,0
CID-00674,One-year,36,55.328038296650774,2296.454800023135,No,No,Electronic check,Yes,0
CID-00675,Monthly,3,32.302595354652624,107.004129669505,Yes,Yes,Bank transfer,Yes,0
CID-00676,Two-year,8,45.38430226661271,374.04205574281866,No,Yes,Mailed check,No,0
CID-00677,Monthly,70,44.6212698026788,3585.138659248102,No,Yes,Electronic check,No,0
CID-00678,Monthly,41,47.021457417179285,1971.0486640015731,No,Yes,Electronic check,No,0
CID-00679,Two-year,68,65.0820689554115,4190.5660015897765,Yes,Yes,Electronic check,No,0
CID-00680,Two-year,13,39.55410360234188,542.7484326642762,Yes,Yes,Electronic check,No,0
CID-00681,Two-year,49,59.777975311660114,2686.084117413551,Yes,No,Mailed check,Yes,0
CID-00682,Monthly,60,39.269058947976866,2121.5546197744056,Yes,Yes,Electronic check,No,0
CID-00683,Monthly,2,66.87321386750381,144.06639718749827,No,Yes,Credit card,No,0
CID-00684,One-year,60,39.49700003125968,2572.619426290957,No,Yes,Credit card,No,0
CID-00685,Two-year,5,37.80033789884624,164.92782079567144,No,Yes,Bank transfer,No,0
CID-00686,One-year,44,50.53920412088601,1948.6951909906466,No,Yes,Electronic check,No,1
CID-00687,One-year,27,45.24139105847157,1167.1539570574514,No,Yes,Credit card,Yes,0
CID-00688,Monthly,32,54.8146622091227,1629.3014013848558,No,Yes,Credit card,No,0
CID-00689,One-year,21,41.078876372479144,903.7610121114478,Yes,No,Credit card,No,0
CID-00690,Monthly,8,33.8774580724555,272.3219096710776,No,Yes,Mailed check,No,0
CID-00691,Monthly,50,53.75969685269523,3001.1098789965195,No,No,Electronic check,No,0
CID-00692,Monthly,67,43.3121109738879,2993.9768173282946,No,No,Mailed check,No,0
CID-00693,One-year,44,37.48600557550311,1543.068758546121,Yes,No,Mailed check,No,0
CID-00694,Monthly,58,40.623933627244234,1910.6026088582882,No,Yes,Credit card,Yes,0
CID-00695,Monthly,3,53.516841141020436,163.43169864377143,No,Yes,Credit card,No,1
CID-00696,One-year,70,34.59487870455946,2007.4613546888052,Yes,Yes,Bank transfer,Yes,0
CID-00697,Monthly,2,49.23850453680329,92.00751039088593,No,Yes,Electronic check,Yes,0
CID-00698,One-year,44,62.306319519125466,2543.618246178479,Yes,Yes,Electronic check,No,0
CID-00699,Monthly,2,39.51817666810159,75.01793082643985,Yes,Yes,Credit card,No,0
CID-00700,Monthly,35,38.72150099143649,1176.8966580484494,No,Yes,Credit card,No,0
CID-00701,One-year,30,43.12450994313194,1199.9037034000828,No,Yes,Electronic check,Yes,0
CID-00702,Monthly,8,51.82875444599621,462.1426811800666,Yes,Yes,Bank transfer,No,1
CID-00703,Monthly,22,73.55654650880138,1803.2333439577274,No,Yes,Credit card,No,1
CID-00704,Monthly,44,43.33440297656975,2198.917567427867,No,No,Bank transfer,No,0
CID-00705,Monthly,58,44.48453981334926,2582.7212176390703,Yes,Yes,Mailed check,Yes,0
CID-00706,Two-year,36,60.69171988142848,2244.1606351627042,Yes,Yes,Credit card,Yes,0
CID-00707,Monthly,69,46.5663408152765,3585.990961384004,No,Yes,Mailed check,No,0
CID-00708,Two-year,31,40.09597380498771,1060.1756800179755,Yes,No,Credit card,Yes,0
CID-00709,Monthly,47,41.25114701740291,2094.9994796837286,No,Yes,Mailed check,No,0
CID-00710,One-year,55,50.75542383687435,3155.1041323252375,No,Yes,Credit card,Yes,0
CID-00711,One-year,62,48.00156984456267,2711.534085050976,No,No,Bank transfer,No,0
CID-00712,One-year,30,40.12496050689644,1370.183838544801,No,Yes,Bank transfer,Yes,0
CID-00713,Monthly,55,41.80118809013524,2772.1477179557414,Yes,No,Bank transfer,No,0
CID-00714,Monthly,16,36.350995150250505,626.8567232798123,No,No,Mailed check,No,0
CID-00715,Monthly,12,71.57034542444889,909.9028047190054,Yes,No,Bank transfer,Yes,1
CID-00716,Two-year,17,37.35002307634056,563.8501681297604,No,No,Mailed check,Yes,0
CID-00717,Two-year,16,50.83041192396311,900.2435126136019,No,Yes,Credit card,Yes,0
CID-00718,Two-year,12,56.78480391986414,611.5320901039169,Yes,No,Mailed check,Yes,0
CID-00719,Monthly,8,44.83229939116539,371.9194594182052,No,No,Credit card,Yes,0
CID-00720,One-year,3,38.713259810587864,121.61106761744443,Yes,Yes,Electronic check,No,0
CID-00721,Two-year,16,51.511602654607294,552.5132018300421,Yes,Yes,Electronic check,No,0
CID-00722,Monthly,30,36.90315026662679,1152.02077772278,No,Yes,Electronic check,Yes,0
CID-00723,Monthly,23,37.56303630202474,1090.4321058560372,No,No,Mailed check,No,0
CID-00724,One-year,5,56.40977837277181,223.04831327989072,No,Yes,Electronic check,No,0
CID-00725,One-year,65,42.89234599072492,2772.977388050401,No,No,Electronic check,Yes,0
CID-00726,Two-year,30,32.74078758469251,790.9733546831053,Yes,No,Electronic check,No,0
CID-00727,Monthly,21,63.679854726457854,1217.7054757067735,No,Yes,Credit card,No,0
CID-00728,One-year,70,60.860652807291686,3438.113342413057,No,Yes,Bank transfer,Yes,0
CID-00729,Monthly,22,47.36706955604954,1058.7010457331146,No,Yes,Mailed check,Yes,0
CID-00730,Monthly,32,38.37146769147846,1325.3326655451592,No,Yes,Electronic check,No,0
CID-00731,Monthly,33,52.028182829296846,1787.2792898099863,No,Yes,Credit card,Yes,0
CID-00732,Two-year,16,52.837912145213096,766.7683549630631,Yes,Yes,Bank transfer,No,0
CID-00733,One-year,38,53.89108366245401,1923.065592690799,No,No,Bank transfer,Yes,0
CID-00734,One-year,14,55.21261039734778,794.0225855970291,Yes,No,Bank transfer,Yes,0
CID-00735,Monthly,36,40.599035982174996,1330.1816846430947,No,Yes,Credit card,Yes,0
CID-00736,Two-year,23,53.185601914588226,1060.7214784001296,No,No,Electronic check,Yes,0
CID-00737,Monthly,66,35.17524931818122,2266.0515188784134,No,No,Bank transfer,No,0
CID-00738,Two-year,2,48.51657384047091,87.86634656236906,Yes,No,Credit card,Yes,0
CID-00739,Monthly,65,57.131621852485786,3866.389733854632,No,No,Credit card,Yes,0
CID-00740,Monthly,67,55.102922307845276,4171.3613416977605,Yes,No,Mailed check,No,0
CID-00741,Monthly,52,47.62712064668782,3119.9304478023732,Yes,No,Credit card,No,0
CID-00742,Monthly,62,43.50815421522699,2788.6992989043856,No,Yes,Bank transfer,No,0
CID-00743,One-year,23,46.097508798251646,1128.7314295154863,Yes,Yes,Bank transfer,No,0
CID-00744,One-year,26,40.72803923933612,995.4655675090446,No,Yes,Credit card,Yes,0
CID-00745,Monthly,68,38.80307829886361,2496.816587609182,No,No,Bank transfer,No,0
CID-00746,Two-year,55,55.06682999251095,3417.574638248106,Yes,Yes,Credit card,Yes,0
CID-00747,Monthly,6,35.520742787847446,207.23523549859743,No,Yes,Bank transfer,No,0
CID-00748,One-year,35,32.24133853868214,1136.6785728058596,No,Yes,Mailed check,Yes,0
CID-00749,Two-year,22,46.50933182669846,1148.3408189549168,Yes,No,Electronic check,No,0
CID-00750,One-year,43,43.48617621890476,1819.6748327173657,Yes,Yes,Mailed check,Yes,0
CID-00751,Monthly,15,47.662196382835376,822.2029460793991,Yes,No,Mailed check,Yes,0
CID-00752,Two-year,60,41.26439385952744,2617.7378808669782,Yes,Yes,Electronic check,No,0
CID-00753,One-year,12,58.58109871904056,734.9864548811411,Yes,Yes,Bank transfer,Yes,0
CID-00754,Monthly,49,50.43871869554674,2311.297448834653,Yes,Yes,Electronic check,Yes,0
CID-00755,Monthly,42,40.76646525859951,1799.3636630569117,No,No,Credit card,Yes,0
CID-00756,One-year,38,39.60814979182732,1440.5335706409196,Yes,No,Electronic check,Yes,0
CID-00757,One-year,45,53.90709462311499,2539.68936236559,Yes,No,Mailed check,No,0
CID-00758,One-year,35,49.23212817419274,1705.5787596857251,No,No,Electronic check,Yes,0
CID-00759,Two-year,30,48.437216605974996,1593.6051919987126,No,No,Bank transfer,Yes,0
CID-00760,One-year,30,50.92969751918356,1523.0366369144015,Yes,Yes,Mailed check,No,0
CID-00761,Monthly,6,52.987188674327115,382.711337549439,Yes,Yes,Credit card,No,0
CID-00762,Monthly,67,40.76747831142356,2656.157565246354,No,No,Bank transfer,No,0
CID-00763,Monthly,7,41.251812816079934,273.32616509912356,Yes,No,Mailed check,Yes,0
CID-00764,One-year,52,39.24041352728571,2111.126073651052,Yes,Yes,Credit card,Yes,0
CID-00765,Monthly,14,44.21494171683081,685.7303923119701,No,No,Bank transfer,No,1
CID-00766,One-year,15,50.74113227939681,842.5639973468564,Yes,Yes,Credit card,Yes,0
CID-00767,One-year,21,50.91961582947688,1087.1460712795813,No,No,Electronic check,No,0
CID-00768,Two-year,35,33.12735800858535,1198.7734783943251,Yes,Yes,Electronic check,Yes,0
CID-00769,Monthly,66,74.32111171268136,5072.233875265979,No,No,Credit card,No,0
CID-00770,Two-year,2,62.807254690453135,112.07486291501486,No,No,Electronic check,Yes,0
CID-00771,Monthly,35,39.330549303860856,1517.540024107676,No,Yes,Credit card,No,0
CID-00772,Two-year,20,41.99600269066035,734.2701695975991,Yes,Yes,Bank transfer,Yes,0
CID-00773,Monthly,10,56.33846075938895,502.7644984210336,No,No,Mailed check,No,0
CID-00774,Monthly,25,57.51732193698579,1445.845574763832,Yes,No,Credit card,Yes,0
CID-00775,One-year,66,57.008908149228475,3642.237900099117,No,Yes,Mailed check,Yes,0
CID-00776,Monthly,25,43.32342642681672,1169.316326960438,No,No,Mailed check,Yes,1
CID-00777,Monthly,54,53.23846343175276,3003.4854174019097,No,Yes,Credit card,No,0
CID-00778,One-year,33,66.67675219929666,2230.741727386518,Yes,Yes,Electronic check,Yes,0
CID-00779,One-year,36,46.00857649936903,1469.885572934531,Yes,No,Bank transfer,Yes,0
CID-00780,One-year,14,50.93576168448644,714.9946664231022,No,Yes,Mailed check,Yes,0
CID-00781,One-year,65,60.521906447488035,3913.2663066464097,Yes,Yes,Bank transfer,No,0
CID-00782,One-year,54,34.44481384247429,1901.3471237642668,Yes,No,Mailed check,Yes,0
CID-00783,Monthly,52,46.44292536273413,2311.1765593182577,Yes,Yes,Credit card,No,0
CID-00784,Monthly,3,58.66723579798622,185.20338532819562,No,Yes,Electronic check,Yes,0
CID-00785,Monthly,41,38.710193652738454,1532.1146157455566,Yes,Yes,Bank transfer,No,0
CID-00786,Two-year,6,60.19375485917598,376.6604995911079,No,Yes,Mailed check,No,0
CID-00787,One-year,25,31.79437791690721,858.1340414484793,No,No,Credit card,Yes,0
CID-00788,Monthly,13,53.209388611843664,654.7429024246502,No,Yes,Credit card,No,0
CID-00789,Monthly,8,63.34442846677477,467.6258781506579,Yes,No,Mailed check,No,0
CID-00790,Two-year,21,46.880266021880885,1031.383147951616,No,Yes,Mailed check,Yes,0
CID-00791,Monthly,68,49.67823908329949,2931.836898282831,Yes,No,Mailed check,No,0
CID-00792,One-year,25,43.5427134701815,1209.5800864974492,Yes,Yes,Electronic check,No,0
CID-00793,One-year,68,45.3350962639658,3086.1660868053355,No,No,Mailed check,No,0
CID-00794,One-year,45,46.10544793253217,2050.9357131079923,No,Yes,Mailed check,No,0
CID-00795,Monthly,60,56.539817667318886,3577.618902841325,No,Yes,Electronic check,Yes,0
CID-00796,Two-year,12,62.60797446056202,787.6549882323364,Yes,Yes,Credit card,No,0
CID-00797,Two-year,32,38.22527694443829,1224.006158929908,Yes,Yes,Mailed check,No,0
CID-00798,One-year,13,60.19529459310964,851.2939754821049,No,No,Bank transfer,Yes,0
CID-00799,One-year,31,41.730913569339734,1206.6742480571527,No,No,Credit card,Yes,0
CID-00800,Two-year,20,33.29120575752518,713.2545283323979,Yes,Yes,Bank transfer,No,0
CID-00801,One-year,18,42.88445015982624,688.6589887552522,Yes,No,Mailed check,Yes,0
CID-00802,Monthly,60,55.08676144335748,3473.9856815140265,No,Yes,Electronic check,Yes,0
CID-00803,One-year,63,64.05691190052539,3903.2693792752916,Yes,Yes,Electronic check,Yes,0
CID-00804,One-year,6,35.36104923124219,184.34946810875368,Yes,No,Electronic check,Yes,0
CID-00805,Monthly,32,53.78027352685624,1765.1361797545271,Yes,No,Mailed check,Yes,0
CID-00806,One-year,43,62.85603302538988,2693.5045950929134,Yes,No,Mailed check,Yes,0
CID-00807,Two-year,2,45.805306359984066,77.47760980172984,Yes,Yes,Bank transfer,Yes,0
CID-00808,Two-year,60,57.50668497969161,2721.1017077310285,Yes,Yes,Electronic check,Yes,0
CID-00809,Monthly,23,33.37311689446172,755.8941955363053,No,No,Mailed check,Yes,0
CID-00810,Monthly,31,56.7057439941202,2042.342455679537,Yes,Yes,Credit card,No,0
CID-00811,Two-year,5,44.539427304677645,229.84604883423708,No,No,Mailed check,No,0
CID-00812,Two-year,34,37.54238711200935,1191.1361858171133,No,No,Mailed check,No,0
CID-00813,Monthly,10,56.44683799847877,625.5364932723128,Yes,No,Credit card,No,0
CID-00814,Two-year,2,41.28970771784889,90.07121503905178,No,No,Electronic check,No,0
CID-00815,Two-year,11,43.520836490006225,539.6034050410863,No,No,Credit card,Yes,0
CID-00816,One-year,50,41.26412218631807,2204.30831386984,No,No,Electronic check,Yes,0
CID-00817,One-year,31,54.273851001912774,1831.5415061883327,Yes,Yes,Credit card,No,0
CID-00818,Monthly,56,60.24051430331873,3620.1059829363967,No,Yes,Bank transfer,No,0
CID-00819,Monthly,9,36.80639354790636,315.439830417044,Yes,No,Electronic check,Yes,1
CID-00820,Monthly,21,38.5999868459318,677.8817922560078,No,No,Mailed check,No,0
CID-00821,Two-year,28,47.553928952477165,1262.1203110281017,No,No,Bank transfer,Yes,0
CID-00822,Monthly,62,53.46382564571372,3681.016968939245,No,Yes,Electronic check,No,0
CID-00823,Monthly,7,40.90198378343027,275.40501715653585,No,No,Electronic check,Yes,0
CID-00824,Monthly,16,44.93886732528843,708.5630532062535,Yes,No,Electronic check,No,0
CID-00825,One-year,4,34.07398963890635,120.40678106233534,No,No,Credit card,Yes,0
CID-00826,Two-year,4,40.12009892267559,151.63648843058917,No,Yes,Electronic check,No,0
CID-00827,Monthly,40,51.64312644228016,2063.847485733401,Yes,No,Mailed check,No,0
CID-00828,Monthly,17,44.149053262088906,787.5023669583117,Yes,Yes,Electronic check,Yes,0
CID-00829,One-year,52,55.986596653978054,2777.772919841884,Yes,Yes,Mailed check,Yes,0
CID-00830,Monthly,52,39.44225488534224,1942.5943731779855,No,No,Mailed check,No,0
CID-00831,Monthly,36,53.81275945609979,2100.410588405372,Yes,Yes,Mailed check,No,0
CID-00832,Monthly,38,73.69777337757718,2891.6067796084053,Yes,Yes,Bank transfer,Yes,1
CID-00833,Monthly,50,55.155887263688896,2881.529002726743,Yes,Yes,Mailed check,Yes,0
CID-00834,Monthly,63,53.56978943024574,3890.6891495643135,Yes,No,Credit card,Yes,0
CID-00835,Monthly,63,37.6889704053458,2254.4800133698204,Yes,Yes,Electronic check,No,0
CID-00836,Monthly,62,67.93084184653551,4191.0667306770965,Yes,No,Credit card,No,0
CID-00837,Two-year,7,44.7426273502825,330.46062693021395,No,No,Bank transfer,Yes,0
CID-00838,Monthly,27,58.74587086853577,1447.9053743423278,Yes,No,Electronic check,No,0
CID-00839,One-year,14,47.64503765156831,682.3088438863019,No,Yes,Mailed check,No,0
CID-00840,One-year,71,39.87519158992485,2837.4227389085704,Yes,No,Electronic check,Yes,0
CID-00841,Monthly,5,30.957640005318048,197.77751771175951,Yes,Yes,Bank transfer,No,0
CID-00842,One-year,55,49.81679460341366,2767.2871846715198,Yes,Yes,Bank transfer,Yes,0
CID-00843,Monthly,2,63.826934409204036,142.42265252482298,No,Yes,Credit card,Yes,1
CID-00844,Two-year,62,44.25997059366249,2971.864402690554,Yes,Yes,Electronic check,No,0
CID-00845,Monthly,21,30.545495635495033,567.2671388034549,Yes,No,Electronic check,No,0
CID-00846,Monthly,21,53.59421602539021,951.1617378836211,Yes,No,Electronic check,Yes,0
CID-00847,Monthly,10,81.955915217301,839.8034602278451,Yes,Yes,Credit card,Yes,1
CID-00848,Two-year,58,39.63298847554845,2587.7385265955213,No,No,Bank transfer,Yes,0
CID-00849,One-year,39,33.65986809738193,1350.5304377120294,No,No,Mailed check,No,0
CID-00850,One-year,5,51.48137992307115,259.4365994554696,No,No,Electronic check,Yes,0
CID-00851,Monthly,65,40.63055090749859,2565.9589270912384,No,Yes,Credit card,Yes,0
CID-00852,One-year,13,50.17301425110128,565.8939208229132,No,No,Credit card,Yes,0
CID-00853,Monthly,53,43.18007481950083,2068.724576242321,Yes,Yes,Mailed check,Yes,0
CID-00854,Two-year,45,42.75202270813628,1611.7336593736547,Yes,No,Bank transfer,No,0
CID-00855,Monthly,32,38.53745523606817,1097.1710189569842,Yes,Yes,Electronic check,No,0
CID-00856,Monthly,36,44.32408465763481,1511.7336465476988,No,Yes,Electronic check,Yes,0
CID-00857,Monthly,60,59.13085292889792,3823.1701111666116,Yes,Yes,Credit card,No,0
CID-00858,Monthly,11,33.000860915192085,346.8531070185498,No,No,Bank transfer,No,0
CID-00859,One-year,63,58.423158206194266,3774.746100967988,Yes,Yes,Electronic check,No,0
CID-00860,Monthly,21,60.2903037872443,1283.2177009999084,No,No,Mailed check,Yes,0
CID-00861,One-year,52,59.78699545777975,3264.074242197747,Yes,Yes,Bank transfer,No,0
CID-00862,Monthly,55,67.61846194455171,3334.166139584849,Yes,No,Bank transfer,No,0
CID-00863,One-year,26,39.4504997796002,1134.3558699746973,Yes,Yes,Credit card,Yes,0
CID-00864,Monthly,68,39.40888635672548,2302.7083826472494,Yes,No,Credit card,Yes,0
CID-00865,Monthly,34,49.76698639007875,1616.304071197873,No,Yes,Electronic check,No,0
CID-00866,One-year,52,42.63470205784436,2212.3697686817554,Yes,Yes,Credit card,No,0
CID-00867,Monthly,52,58.67851020583153,3283.224200299578,Yes,Yes,Bank transfer,Yes,0
CID-00868,Monthly,29,34.2339143891835,1129.719074643715,Yes,No,Electronic check,Yes,0
CID-00869,Two-year,38,69.44702621247129,2841.6695154932786,No,Yes,Electronic check,Yes,0
CID-00870,Two-year,42,47.470980946391606,2276.0839411396273,Yes,Yes,Bank transfer,Yes,0
CID-00871,Monthly,21,57.15631385783169,1100.75804770688,Yes,Yes,Electronic check,No,0
CID-00872,Monthly,42,38.49846776562673,1809.4108922922578,Yes,Yes,Mailed check,Yes,0
CID-00873,One-year,13,58.61087768742208,839.5570844396302,Yes,No,Mailed check,No,0
CID-00874,Monthly,64,42.31511074786058,2059.2157635726653,Yes,Yes,Electronic check,No,0
CID-00875,Monthly,17,66.2549097896479,1101.5018408192152,No,Yes,Credit card,No,0
CID-00876,Monthly,9,41.161049630380845,392.75188971027535,No,No,Mailed check,Yes,0
CID-00877,One-year,41,49.20975912725355,1913.610216322787,No,No,Electronic check,Yes,0
CID-00878,One-year,1,35.717774370721955,31.83944851970923,Yes,No,Mailed check,No,0
CID-00879,Monthly,2,34.73803866471339,84.16453742239554,No,Yes,Credit card,No,0
CID-00880,Monthly,60,48.0744216339497,2916.494444253419,Yes,No,Bank transfer,No,0
CID-00881,Monthly,48,38.702066700860485,1883.410768094385,Yes,No,Electronic check,No,0
CID-00882,One-year,29,34.4667791102814,868.6978422573947,Yes,No,Electronic check,No,0
CID-00883,Monthly,10,60.91516182486205,571.8495490944589,Yes,Yes,Electronic check,Yes,0
CID-00884,Monthly,58,63.11771022091306,3332.143253731261,No,Yes,Electronic check,Yes,0
CID-00885,One-year,60,51.92986527961185,3451.9781468237447,No,Yes,Electronic check,Yes,0
CID-00886,Monthly,21,54.918106063928015,1211.4786250491143,No,No,Electronic check,No,0
CID-00887,One-year,28,58.07403901790073,1533.2952656581374,Yes,Yes,Credit card,No,0
CID-00888,Monthly,34,53.456125177452876,1919.3796371618514,No,No,Bank transfer,Yes,0
CID-00889,Monthly,8,40.28529566498748,314.11185809733183,No,No,Credit card,Yes,1
CID-00890,Monthly,59,62.203394713904544,3756.058388374648,Yes,No,Credit card,No,0
CID-00891,One-year,49,51.72400097347053,2592.7091545699186,No,Yes,Bank transfer,Yes,0
CID-00892,Two-year,17,34.10690047508519,604.1851283417562,Yes,No,Credit card,Yes,0
CID-00893,Two-year,60,53.723014190886104,3319.9700786509843,No,No,Mailed check,Yes,0
CID-00894,Monthly,45,48.07103285805439,2254.27779088454,No,Yes,Credit card,No,0
CID-00895,One-year,69,55.6267860764886,4320.25864293687,No,No,Electronic check,No,0
CID-00896,Monthly,32,43.07109431331595,1466.562182030037,Yes,No,Mailed check,Yes,0
CID-00897,Monthly,44,40.2196218929888,1710.0430926390611,No,No,Mailed check,No,0
CID-00898,Two-year,65,33.85191411521786,2178.8211458503015,No,Yes,Bank transfer,Yes,0
CID-00899,Monthly,8,53.75880552693679,482.9764453395677,No,No,Credit card,Yes,0
CID-00900,Monthly,43,43.242421660379385,1880.3282339604664,No,Yes,Credit card,No,0
CID-00901,Monthly,1,45.21812853601435,43.52688724892535,Yes,Yes,Mailed check,No,0
CID-00902,Monthly,51,48.48766775237758,2316.79868155242,Yes,No,Credit card,No,0
CID-00903,Monthly,24,52.31302445932558,1289.7928651778034,No,No,Credit card,Yes,1
CID-00904,One-year,24,48.630958381297276,1067.368987743384,No,No,Bank transfer,Yes,0
CID-00905,Monthly,17,38.795351055384714,744.2559200949464,No,No,Mailed check,Yes,0
CID-00906,Two-year,5,58.06479836041011,260.19363507923174,Yes,Yes,Electronic check,No,0
CID-00907,Two-year,20,44.8601267895874,1029.8151469325446,No,Yes,Mailed check,Yes,0
CID-00908,Monthly,21,32.307402077919356,659.1038375869298,No,No,Bank transfer,Yes,0
CID-00909,Monthly,58,59.59612286365511,3084.3927707036487,Yes,Yes,Bank transfer,Yes,0
CID-00910,Monthly,31,44.77045208879104,1414.1394131059112,Yes,No,Bank transfer,Yes,0
CID-00911,One-year,11,48.22209728284419,479.8897684093397,Yes,No,Credit card,No,0
CID-00912,Monthly,52,57.86972935366707,3019.569165833484,No,No,Mailed check,No,0
CID-00913,One-year,15,63.190060328735534,893.1083890246838,Yes,No,Credit card,No,0
CID-00914,Monthly,7,48.60203973292941,372.36702009135803,Yes,Yes,Credit card,Yes,0
CID-00915,One-year,28,54.83549806710461,1556.3903981988835,No,Yes,Mailed check,Yes,0
CID-00916,Monthly,51,36.58662359665473,1644.1533172335394,Yes,No,Bank transfer,Yes,0
CID-00917,Monthly,58,39.78444104649332,2169.731543434564,No,No,Electronic check,No,0
CID-00918,Two-year,5,37.68053302626731,201.68405919137166,No,Yes,Electronic check,No,0
CID-00919,One-year,5,68.51894042147953,386.6897956956858,Yes,Yes,Mailed check,No,0
CID-00920,Monthly,8,50.068801430280914,398.7369271663324,No,Yes,Mailed check,No,0
CID-00921,Two-year,64,35.342592301974584,2025.691143244987,Yes,No,Bank transfer,No,0
CID-00922,Monthly,10,84.77738564589376,937.1322992687185,Yes,Yes,Mailed check,Yes,0
CID-00923,Two-year,38,54.30372556559438,2208.105798154596,Yes,No,Mailed check,No,0
CID-00924,One-year,8,49.12151685648621,444.31549982307695,No,No,Bank transfer,No,0
CID-00925,Monthly,25,48.15299025744034,1238.7608485659123,Yes,Yes,Bank transfer,No,0
CID-00926,Monthly,66,40.124955211070386,2510.380119596792,No,No,Credit card,Yes,0
CID-00927,Monthly,50,43.538103504249506,2289.4268970990124,No,Yes,Mailed check,No,0
CID-00928,One-year,67,45.124541088808904,3122.004811176377,No,No,Electronic check,No,0
CID-00929,One-year,49,55.44269187159966,2560.5164313940513,Yes,No,Mailed check,No,0
CID-00930,Monthly,36,62.17413449433649,2282.729497096529,No,No,Electronic check,Yes,0
CID-00931,Monthly,68,68.52446077576448,4568.7878344438395,No,No,Electronic check,Yes,0
CID-00932,Two-year,41,57.256902671834546,2522.0809730397464,Yes,No,Electronic check,No,0
CID-00933,Two-year,62,36.511919809597174,2375.1165526972945,Yes,No,Credit card,No,0
CID-00934,One-year,10,59.48569569700564,532.3023113517413,No,Yes,Bank transfer,No,0
CID-00935,Monthly,21,32.456981081885246,603.0478712206102,No,Yes,Bank transfer,No,0
CID-00936,Monthly,36,38.93374010243596,1389.0265780829477,Yes,No,Credit card,Yes,0
CID-00937,Monthly,12,48.44101381224982,583.199925094639,No,Yes,Bank transfer,No,0
CID-00938,Two-year,2,43.76384110883466,94.18833554344297,No,No,Credit card,Yes,1
CID-00939,Monthly,13,43.84730480504721,599.2740533968525,No,Yes,Mailed check,No,0
CID-00940,One-year,53,53.61100760802213,3255.851920939925,No,Yes,Credit card,Yes,0
CID-00941,Monthly,32,65.42578019394978,1995.8121761208436,Yes,No,Bank transfer,Yes,0
CID-00942,One-year,16,37.909128166550076,574.7456861818368,No,Yes,Bank transfer,No,0
CID-00943,One-year,32,44.11540881193875,1276.196802806182,Yes,No,Mailed check,Yes,0
CID-00944,Two-year,32,50.21751059976313,1727.3870903276377,No,Yes,Credit card,No,1
CID-00945,Monthly,11,49.58397638407422,546.6101559812208,Yes,No,Mailed check,Yes,0
CID-00946,Monthly,10,50.56483851255745,411.9212226241003,No,Yes,Electronic check,Yes,0
CID-00947,Monthly,15,36.166504749025805,553.4649938748288,Yes,No,Credit card,No,0
CID-00948,Two-year,17,30.74976919938461,536.6495625558424,No,Yes,Mailed check,No,0
CID-00949,Two-year,40,57.56657433733844,2269.4247374532924,Yes,No,Mailed check,Yes,0
CID-00950,One-year,18,51.87777060403313,961.5014972112263,No,Yes,Bank transfer,Yes,0
CID-00951,One-year,55,42.48840864205512,2051.710173657237,No,No,Credit card,No,0
CID-00952,One-year,25,58.882960234714815,1713.6460364459028,Yes,Yes,Electronic check,No,0
CID-00953,Monthly,59,58.411086308896685,3577.3011525470283,Yes,No,Electronic check,No,0
CID-00954,Two-year,22,36.30579486764938,657.0572819150175,Yes,Yes,Credit card,Yes,0
CID-00955,Monthly,30,46.678697343885744,1399.5351135720614,Yes,No,Credit card,No,0
CID-00956,Monthly,44,61.55057391280152,2818.3742436895413,Yes,No,Mailed check,No,0
CID-00957,One-year,32,52.36500988311505,1489.188479131422,No,No,Bank transfer,Yes,0
CID-00958,Monthly,51,39.85283248685711,2140.954515238843,Yes,No,Bank transfer,No,0
CID-00959,Monthly,46,69.97209890583585,3759.758861822423,Yes,Yes,Bank transfer,No,0
CID-00960,One-year,21,50.068656536949774,983.6901316069934,No,Yes,Credit card,No,0
CID-00961,Monthly,32,45.00643345395464,1501.9098630218118,Yes,Yes,Bank transfer,No,0
CID-00962,One-year,39,67.6910406828333,2695.019586008474,Yes,No,Mailed check,Yes,0
CID-00963,Monthly,12,62.79715323349932,826.5328653932116,Yes,No,Credit card,No,0
CID-00964,Monthly,47,53.36231852546024,2480.7311056943167,No,No,Credit card,No,0
CID-00965,Monthly,18,42.8860811402866,689.6043280998326,Yes,No,Bank transfer,No,0
CID-00966,Monthly,21,53.98465157887867,1236.1828066466003,No,No,Electronic check,No,1
CID-00967,One-year,13,37.65594993309615,440.21918844438983,No,Yes,Electronic check,No,0
CID-00968,Monthly,21,53.09277982530854,1316.6270819605254,Yes,Yes,Mailed check,No,0
CID-00969,One-year,8,39.99193172500365,337.8764534154607,No,Yes,Bank transfer,Yes,0
CID-00970,Monthly,46,50.55088317860957,2186.077665096299,Yes,No,Bank transfer,Yes,0
CID-00971,One-year,7,60.511468782208894,470.5405776838248,Yes,No,Credit card,Yes,0
CID-00972,Two-year,23,66.03063347924008,1517.309027224842,Yes,No,Credit card,No,0
CID-00973,One-year,22,53.381510250681735,1148.3915064227253,Yes,No,Bank transfer,No,0
CID-00974,Monthly,22,54.21294858403749,1111.4786085953906,Yes,No,Credit card,No,1
CID-00975,Monthly,29,59.425614626170834,1399.6681940260307,No,No,Bank transfer,Yes,0
CID-00976,Monthly,13,54.20457217971295,747.2485312531985,No,No,Mailed check,No,0
CID-00977,One-year,2,61.059026126397335,102.23568535541307,No,Yes,Credit card,Yes,1
CID-00978,Monthly,29,60.796190756565295,1623.224638716912,No,Yes,Bank transfer,No,0
CID-00979,Monthly,52,39.99514342739773,2169.768194292333,Yes,No,Credit card,No,0
CID-00980,One-year,27,40.20099570699598,1031.08212144768,Yes,No,Mailed check,Yes,0
CID-00981,Monthly,50,35.81850635609119,1819.0700442185457,No,No,Credit card,Yes,0
CID-00982,One-year,23,45.170286704524045,912.8237740070539,Yes,Yes,Bank transfer,Yes,0
CID-00983,Monthly,44,66.23710087427779,2812.8763084120824,No,Yes,Credit card,Yes,0
CID-00984,Monthly,22,54.399377396150655,1216.3400800906588,No,No,Credit card,Yes,0
CID-00985,One-year,43,58.576415724035456,2279.130322666712,No,Yes,Bank transfer,Yes,0
CID-00986,Monthly,37,38.10103699654188,1647.4714987157788,No,Yes,Electronic check,No,0
CID-00987,One-year,61,58.51956879604088,3342.152884173895,Yes,Yes,Credit card,Yes,0
CID-00988,Monthly,56,43.39642922383922,2765.182889394667,Yes,No,Credit card,No,0
CID-00989,Monthly,3,59.46558024355677,175.4031445047399,No,Yes,Mailed check,No,1
CID-00990,Two-year,63,40.028085362413414,2126.236012589871,No,Yes,Electronic check,No,0
CID-00991,One-year,19,37.93439486156767,638.8109784055498,No,No,Mailed check,No,0
CID-00992,One-year,23,62.42613682785848,1461.0826315425243,No,No,Bank transfer,No,0
CID-00993,Monthly,29,58.32745677720985,1866.1898774360009,No,Yes,Bank transfer,Yes,0
CID-00994,One-year,30,35.38427427466562,1249.3950666375101,Yes,No,Mailed check,Yes,0
CID-00995,Monthly,39,44.191678339035036,1745.5736383854025,No,Yes,Credit card,Yes,0
CID-00996,Monthly,25,34.11325381253406,752.432308419598,No,Yes,Electronic check,No,0
CID-00997,Two-year,8,53.48046004544439,439.7584885422156,Yes,No,Mailed check,Yes,0
CID-00998,Monthly,58,44.47835754990095,2366.8604167708572,Yes,No,Mailed check,No,0
CID-00999,Two-year,16,45.69464843609107,759.7880681775623,Yes,Yes,Bank transfer,No,0
CID-01000,Monthly,1,60.808427536300755,55.08346882657835,Yes,No,Credit card,No,0
